"rank","Player","GP","tau","lq","uq","median_rank","rank_uq","rank_lq","rank_range","prob_rank1","prob_top25"
1,"LE Plunkett",50,3.91716452192203,3.70386351869604,4.13870626772802,2,1,14.025,13.025,0.318,0.995
2,"JR Hazlewood",33,3.88212944982714,3.53686225780219,4.21296100601626,3,1,54.025,53.025,0.313,0.927
3,"TA Boult",50,3.82082846414443,3.58734753487009,4.05022810979064,5,1,33.025,32.025,0.097,0.95
4,"AD Russell",47,3.75995559116966,3.56715029798974,3.98078209376905,9,1,38.025,37.025,0.036,0.904
5,"TG Southee",95,3.75549806108829,3.58761802741175,3.92645830626048,9,2,33.025,31.025,0.003,0.924
6,"Imad Wasim",40,3.7391562548807,3.55281253623195,3.94108097886065,10,2,46.05,44.05,0.016,0.875
7,"Mohammad Naveed",32,3.73205287953069,3.52566261997822,3.95404694251279,11,2,55.05,53.05,0.02,0.824
8,"Hasan Ali",39,3.71990765111699,3.5109703206877,3.93364889462259,12,2,59,57,0.011,0.798
9,"C Sharma",34,3.71799504481186,3.48622289912277,3.95576044811793,12,2,68.025,66.025,0.011,0.775
10,"SMSM Senanayake",33,3.71059657999098,3.48547708504392,3.96363410476769,13,2,76.025,74.025,0.02,0.737
11,"DNT Zoysa",43,3.69449889800371,3.47237057774753,3.91136413421869,15,2,78.0749999999999,76.0749999999999,0.011,0.729
12,"DJ Willey",46,3.67013205441129,3.46804566183942,3.88106375057414,19,3,84.025,81.025,0.002,0.662
13,"Shaheen Shah Afridi",36,3.66401237691174,3.41524551933237,3.96166866047987,20,2,115,113,0.023,0.605
14,"MR Adair",39,3.65971812802315,3.44390269731149,3.87091017848355,21,3,94.025,91.025,0.008,0.607
15,"NM Hauritz",31,3.6460820831688,3.41820441950559,3.91087928994257,23.5,2,107,105,0.007,0.531
16,"AU Rashid",83,3.62733313337161,3.45389787090702,3.81242396742169,26,5,82.025,77.025,0,0.491
17,"M Muralidaran",150,3.62683218772657,3.47085428836506,3.78667946501374,26,7,75,68,0,0.496
18,"L Ronchi",67,3.61814819716984,3.40224197157662,3.89918480041707,31,3,115,112,0.005,0.419
19,"Iftikhar Anjum",32,3.59905971271235,3.34957220181576,3.8624787019326,31,4,157.025,153.025,0.005,0.411
20,"KM Jadhav",51,3.59871415325041,3.40343650992796,3.8062625020182,33,6,118.1,112.1,0.001,0.366
21,"GJ Maxwell",136,3.58719874253255,3.4544367115396,3.72142388952186,35,12,87,75,0,0.266
22,"MA Leask",72,3.58561698919485,3.42213877303322,3.75155460054665,35,9,104,95,0.001,0.291
23,"BAW Mendis",40,3.5830198660332,3.31130080546405,3.82813704422583,36,5,182.175,177.175,0.002,0.378
24,"Mohammed Shami",49,3.57515386527008,3.34311259231606,3.80368075176892,39,5,161.025,156.025,0,0.322
25,"MG Johnson",90,3.57489393647982,3.40840762770834,3.74234707774609,38,11,122,111,0,0.3
26,"Shahid Afridi",367,3.57357089629484,3.46309350336837,3.68467595370657,39,14,85.025,71.025,0,0.18
27,"DT Johnston",53,3.57329505511041,3.36100570022246,3.82875131631921,41,5,149.05,144.05,0.003,0.297
28,"CA Walsh",77,3.57168500429845,3.37910426066807,3.796512460079,40,7,133,126,0,0.285
29,"C Pringle",39,3.56887353949355,3.32431626935374,3.84122143869569,40.5,5,175.025,170.025,0.003,0.327
30,"C de Grandhomme",35,3.56445791654375,3.35242931623359,3.81986329938772,44,6,151,145,0.001,0.264
31,"AR Nurse",38,3.55291159190096,3.34975996199399,3.75412852511539,46,9,145.05,136.05,0,0.224
32,"SE Bond",39,3.55257109977451,3.32536713936548,3.7909736368242,45,6,182.05,176.05,0,0.256
33,"Mujeeb Ur Rahman",37,3.54914194675287,3.25856911586666,3.83602164565993,47,5,221.025,216.025,0.001,0.277
34,"AR Adams",33,3.54674879949067,3.32446483756825,3.77333654446337,48,8,173.05,165.05,0,0.227
35,"CC Lewis",40,3.53903358260242,3.31948469833241,3.79979872907743,53,7.975,177,169.025,0.004,0.222
36,"Aaqib Javed",49,3.53465937682523,3.27460943264405,3.80220416981078,52,5,213.05,208.05,0.004,0.251
37,"B Lee",105,3.53244962425664,3.37673248485131,3.69969791730701,54,15.975,129.1,113.125,0,0.119
38,"Dawlat Zadran",53,3.53202326395355,3.32210846449582,3.77589410510748,54,8,181.025,173.025,0,0.181
39,"BL Cairns",65,3.53167368444944,3.33818749564925,3.74317289171324,55,11,159.05,148.05,0.001,0.149
40,"SM Sharif",57,3.53032975412898,3.33871468624315,3.71590618651397,53,12.975,166.025,153.05,0,0.161
41,"SN Netravalkar",33,3.52974283790594,3.21827365820378,3.8050665501923,53,6,261.1,255.1,0.001,0.264
42,"MJ Henry",37,3.5254114203359,3.27982569117522,3.76721166818608,55,8,211.025,203.025,0,0.199
43,"TT Bresnan",63,3.52068156333281,3.33742371972972,3.71360410951634,59,13,159,146,0,0.132
44,"AR Caddick",38,3.51735671426402,3.27425212781687,3.80686721471778,61,5,208.2,203.2,0.005,0.187
45,"IDS Smith",77,3.5149525667671,3.36755269222284,3.66896275946917,61,19,140,121,0,0.072
46,"HH Pandya",68,3.51434919551279,3.37488235612458,3.66610542097037,59,19,137.025,118.025,0,0.073
47,"MA Starc",70,3.51285074218642,3.30983703981701,3.73771182287046,62,12.975,182.05,169.075,0,0.122
48,"PL Taylor",47,3.51109042956623,3.26521981289804,3.78627431808001,61,7,221.05,214.05,0.002,0.191
49,"JA Morkel",43,3.50876063745149,3.33195114050184,3.70250347600355,64,14,167,153,0,0.102
50,"EJ Chatfield",43,3.50750264082669,3.19046905356425,3.85208839701641,66,4,289.15,285.15,0.004,0.241
51,"J Botha",50,3.5007326006799,3.31905157740461,3.68438436631078,66,17,176.025,159.025,0,0.091
52,"CJ McDermott",75,3.49866925675392,3.30252873748127,3.67886182949406,66,17,191.025,174.025,0,0.076
53,"SM Pollock",202,3.49804161890408,3.36466719916612,3.63509414639389,66,24.975,146,121.025,0,0.03
54,"RM Hogg",34,3.49532218267033,3.2122381319394,3.79661464266785,68,8,273.075,265.075,0.002,0.178
55,"F Behardien",49,3.49310022817032,3.31702086776796,3.69029613543002,72,17,176,159,0,0.074
56,"AC Cummins",47,3.49279160032175,3.30627536283016,3.68498995628524,70,16,190,174,0,0.084
57,"BB McCullum",226,3.4869896271731,3.35395242298735,3.63013999755249,73,25.975,146.025,120.05,0,0.025
58,"MJ Santner",89,3.48681221697757,3.32528006561748,3.6456441628693,72,22,177.025,155.025,0,0.046
59,"RJ Ratnayake",54,3.48288475912795,3.29007560639975,3.69480117961424,74,15,205.075,190.075,0,0.089
60,"Shoaib Akhtar",77,3.4821445769359,3.26643269834446,3.69803810925279,72,16,222.075,206.075,0,0.076
61,"M Ntini",42,3.48073346701157,3.23150046952288,3.74340658431916,76,9,250.075,241.075,0.001,0.113
62,"SL Malinga",113,3.47569330497144,3.30713406792724,3.64813000358074,78,22,185.025,163.025,0,0.04
63,"GB Hogg",61,3.47327905775702,3.25593224696681,3.70653253008905,78,14,221.05,207.05,0.001,0.079
64,"Gulsan Jha",32,3.47165045865146,3.14415712596244,3.96754177425403,97.5,2,338.025,336.025,0.023,0.213
65,"AM Blignaut",41,3.47132119329765,3.26536102696844,3.67326448389326,80,18,220.075,202.075,0,0.067
66,"L Klusener",137,3.47075470866114,3.32936785341818,3.62885281802006,79.5,27,170,143,0,0.019
67,"AB de Villiers",218,3.46807451163658,3.3378838250317,3.60531562885982,82.5,33,155,122,0,0.006
68,"GP Swann",48,3.46755980301778,3.28929876742236,3.65574010841913,83,20,207.025,187.025,0,0.041
69,"TM Head",76,3.46564891942114,3.30815326975665,3.64600512998945,83,22.975,189.025,166.05,0,0.032
70,"SP Narine",42,3.46391532262383,3.2451082879614,3.68874934878958,86.5,15.975,238.05,222.075,0,0.08
71,"ALF de Mel",41,3.46352858318175,3.21665038188599,3.72315123373197,87,12,262,250,0,0.097
72,"DR Tuffey",46,3.46197896170251,3.22083628221619,3.68912237780815,84,15,263,248,0,0.079
73,"AR Patel",49,3.46194226925149,3.2780740303564,3.68475618381175,88,16,209.025,193.025,0,0.046
74,"Sohail Tanvir",38,3.45917928385136,3.24078312107537,3.66091374847062,85,19,239.05,220.05,0,0.054
75,"KD Mills",97,3.45641756518005,3.29750164062074,3.6232584957104,88,29,190,161,0,0.019
76,"Abdul Razzaq",227,3.45457322884732,3.31851782415912,3.60591027681502,89,32,176,144,0,0.01
77,"DA Miller",152,3.45351226190703,3.3167832476726,3.58221419228493,88,38,179,141,0,0.005
78,"Abdul Qadir",67,3.45285110981928,3.27826925758028,3.63463738932126,90,23,204.05,181.05,0,0.035
79,"AS Joseph",46,3.44665854421463,3.23254243950995,3.65871581671716,91,20,247,227,0,0.04
80,"EA Brandes",40,3.44603717767912,3.21936398760993,3.66034142826088,92.5,20.975,268.025,247.05,0,0.047
81,"SO Hetmyer",52,3.44557617124382,3.25862454019129,3.66499489288501,93,20,227.075,207.075,0,0.038
82,"SM Ervine",33,3.44269798887474,3.20128706873249,3.7429926560608,101.5,9,279.05,270.05,0.002,0.099
83,"Abdur Razzak",95,3.44023457910366,3.27776218514724,3.62202474723763,101,28,212.025,184.025,0,0.021
84,"DJG Sammy",103,3.43938023317545,3.29425685890387,3.58432910298082,96,36,197,161,0,0.01
85,"GD Phillips",36,3.43804085757999,3.24546844700217,3.63916602601673,98,24,243.05,219.05,0,0.029
86,"Karan KC",45,3.43620442883803,3.24376439123856,3.63759046659511,100.5,24,238.1,214.1,0,0.029
87,"SA Yadav",35,3.43440237916221,3.2170708429307,3.68301537564241,104,18,262,244,0,0.049
88,"AL Phehlukwayo",55,3.43087824318732,3.25484062991775,3.60375817383752,103,32,235.025,203.025,0,0.008
89,"J Srinath",117,3.43054256061309,3.28554452958684,3.57542536099742,103.5,37.975,203,165.025,0,0.009
90,"Imran Tahir",32,3.42942313894563,3.11197781065656,3.78368923954362,110.5,7,379,372,0.006,0.138
91,"PW Hasaranga",54,3.42908811487708,3.27189764519182,3.62105371273709,105,27,221,194,0,0.023
92,"AB Agarkar",113,3.42905544682908,3.25574963764769,3.6126454173141,104,31,231.025,200.025,0,0.017
93,"CJ Anderson",44,3.42742021218389,3.25938611007198,3.61888701333144,106,29,229.025,200.025,0,0.019
94,"DK Morrison",40,3.42310866096747,3.03779329730773,3.89546377881801,117.5,3,450.1,447.1,0.009,0.173
95,"S Lee",35,3.42221154829316,3.20769036253811,3.65189825460003,109,20,278.025,258.025,0,0.046
96,"BKV Prasad",56,3.42002343907874,3.1918903407108,3.66912426388154,108,21,289.1,268.1,0,0.043
97,"MF Maharoof",73,3.41790299088204,3.24211061481599,3.62155288482779,114,28.975,242.025,213.05,0,0.021
98,"LV van Beek",32,3.41766286550785,3.18229544016494,3.67827731984081,111,18,301.075,283.075,0,0.06
99,"Mohammad Amir",30,3.41484677467629,3.14553894438665,3.6928156961708,115,14.975,351,336.025,0,0.064
100,"DL Vettori",181,3.41484076537358,3.27370095860009,3.56313249079026,111,48,214,166,0,0.001
101,"Mohammad Sami",43,3.41381960459397,3.16660766819976,3.65080836914923,112,23,313.125,290.125,0,0.039
102,"LS Livingstone",36,3.41317180727415,3.21380050766447,3.61964162605699,114,26,269.075,243.075,0,0.024
103,"MG Bracewell",32,3.41121056555285,3.18265050125558,3.66098500877596,114.5,20,303.05,283.05,0,0.042
104,"Afif Hossain",30,3.40880386357574,3.1879264964536,3.63278857562132,115.5,26.975,293.025,266.05,0,0.024
105,"C Munro",53,3.40657450976905,3.24104884905803,3.5784356244599,118,40.975,241.05,200.075,0,0.003
106,"CEL Ambrose",94,3.40614756749105,3.2338875788366,3.57615485843838,117,38,247,209,0,0.006
107,"YK Pathan",41,3.40576071167434,3.18908676270703,3.62764437938245,117,24,289.175,265.175,0,0.032
108,"Mushtaq Ahmed",73,3.40573350243115,3.20773592256702,3.62102493869693,116.5,28,284.125,256.125,0,0.014
109,"Azmatullah Omarzai",34,3.40341191585312,3.17986831443753,3.6406682410511,122,22,306,284,0,0.037
110,"S Lamichhane",42,3.40311851169464,3.18400220286241,3.65134053087191,120,20,300.1,280.1,0,0.043
111,"MEK Hussey",156,3.40256667128297,3.21652069236103,3.61881993855604,121,28,260,232,0,0.02
112,"Rashid Khan",104,3.40120982250256,3.22073348378662,3.61287286912688,123,27,275,248,0,0.02
113,"AJ Bichel",36,3.40077168682073,3.18978896255922,3.60958140171999,119.5,29,295,266,0,0.018
114,"CRD Fernando",54,3.40045833043833,3.17795603681728,3.62583294405714,122,24,312.075,288.075,0,0.029
115,"SK Raina",194,3.3992222105216,3.25897161076553,3.53917923621941,121,50.975,221.025,170.05,0,0.002
116,"SB Joshi",45,3.39540838522592,3.19793901083852,3.59186916077256,122,34,295.025,261.025,0,0.011
117,"JP Faulkner",52,3.39359338027121,3.17491887083057,3.63036795311462,127,25,310,285,0,0.026
118,"Zahoor Khan",39,3.39130062364428,3.09464232269002,3.73181251676315,131.5,10,407.1,397.1,0,0.077
119,"Tanzid Hasan",27,3.38934248956449,3.1730721136096,3.65868910604827,132,21.975,308.05,286.075,0,0.034
120,"SCJ Broad",66,3.38893612510074,3.18517500169141,3.6144730609201,131,27,300.025,273.025,0,0.023
121,"H Klaasen",56,3.38529929721211,3.23721639165154,3.54198205686181,134.5,51.975,252.025,200.05,0,0.002
122,"IA Healy",118,3.38460849731245,3.25457671401404,3.53720276020766,133.5,50.975,230,179.025,0,0.001
123,"R Ashwin",61,3.38148755302021,3.2003677524977,3.56747079997249,129.5,41,286.025,245.025,0,0.004
124,"CH Lloyd",69,3.37999058396949,3.20413899098179,3.573794750264,135,40,277,237,0,0.001
125,"BM Scholtz",41,3.37997145091453,3.12165564865194,3.6541784145321,133,21,362.125,341.125,0,0.038
126,"KMDN Kulasekara",119,3.37951023632187,3.22161537120801,3.54103574913628,135,55,257.025,202.025,0,0
127,"Agha Salman",34,3.37899149146457,3.16709408969575,3.60620178330238,137,29,312,283,0,0.019
128,"R Ngarava",34,3.37893406796442,3.11204521444937,3.64911683715319,136,22,370.05,348.05,0.001,0.036
129,"NW Bracken",34,3.37863058421307,3.14163665622447,3.65722226200047,139,21,355.075,334.075,0,0.035
130,"PJ Cummins",58,3.37802389355106,3.18645920209254,3.56821087168347,135,40,303.025,263.025,0,0.009
131,"PAJ DeFreitas",65,3.37602110697605,3.19925248659097,3.55456757644276,137,42.95,293.1,250.15,0,0.005
132,"Mosaddek Hossain",35,3.37287156093011,3.16276287016319,3.60108131874779,140,30.975,315.025,284.05,0,0.016
133,"BMAJ Mendis",44,3.37107666624083,3.17968426122191,3.5680847501944,140,40,299.05,259.05,0,0.006
134,"Naved-ul-Hasan",49,3.36600202379294,3.18714755370631,3.56768979553684,145.5,40,296.05,256.05,0,0.004
135,"DJ Richardson",76,3.36319865886568,3.1728498791706,3.57825307212874,147,39.95,314.025,274.075,0,0.009
136,"CR Woakes",86,3.36308801826626,3.20661575830997,3.52287964107796,143,58.975,275,216.025,0,0
137,"GF Labrooy",35,3.36225661817536,3.12116196767369,3.61397520782461,148,26,378.05,352.05,0,0.024
138,"GD McGrath",58,3.36176628147485,3.10712442931754,3.61227121952528,143,30,374.025,344.025,0,0.018
139,"NLTC Perera",133,3.35598563557469,3.22235927575398,3.48201291823457,152,73.975,263.025,189.05,0,0
140,"RJ Peterson",38,3.3553492684745,3.12581524805147,3.57755541525012,150,37,356.025,319.025,0,0.005
141,"RA Jadeja",133,3.35533236544226,3.20786063683701,3.51188159990229,153,64,277,213,0,0.001
142,"P Kumar",33,3.35513673661395,3.11407072050406,3.65113808242897,159.5,21,376.1,355.1,0,0.033
143,"Harbhajan Singh",125,3.35481664553132,3.2151201424621,3.48475436687518,151,76.975,264.025,187.05,0,0
144,"PD Salt",31,3.35408939124479,3.17046068010181,3.55036812603919,153.5,48.975,323.025,274.05,0,0.004
145,"Z Khan",95,3.35383831284865,3.17005861089977,3.56342961840025,151,44.975,317.05,272.075,0,0.004
146,"WD Parnell",42,3.35374029553188,3.12068518985606,3.5955543483882,152,32.975,363.05,330.075,0,0.01
147,"LM Jongwe",36,3.35152021878941,3.13483030408824,3.57868878603573,158,37,343.025,306.025,0,0.008
148,"TJ Murtagh",36,3.35038430189228,3.06417727142662,3.67684492956318,158,15.975,433.075,417.1,0.003,0.044
149,"A Symonds",161,3.3480490595281,3.2147393402241,3.48740598074405,158.5,76,258,182,0,0
150,"SK Warne",106,3.34803434823185,3.19778694455482,3.52178460320907,158,58,285.025,227.025,0,0
151,"GH Dockrell",92,3.34708877258429,3.20103035664881,3.50233181906833,161,63.975,274.025,210.05,0,0
152,"M Morkel",42,3.34487238338189,3.14030607564786,3.55297873402419,160,45.95,340.05,294.1,0,0.008
153,"RL Powell",100,3.34413378880215,3.17697227322231,3.53793315939685,166,46.975,311.1,264.125,0,0.002
154,"Shadab Khan",44,3.34224026429012,3.12839552743382,3.58071202004147,162,36.95,354.075,317.125,0,0.012
155,"PS de Villiers",30,3.33963152708893,3.07616498187595,3.61548933346648,161,29.925,420.025,390.1,0,0.02
156,"MRJ Watt",55,3.33926914216699,3.14823415994592,3.55417167618903,165.5,48,332,284,0,0.002
157,"J Garner",39,3.33805485951352,3.09969430956982,3.57482099086604,165,38,390.025,352.025,0,0.004
158,"KS More",65,3.33566912541243,3.13711820072393,3.54086960864011,164,53,346.025,293.025,0,0.001
159,"SM Curran",30,3.3356607482817,3.11819050632283,3.56080282855246,172,42.975,362.05,319.075,0,0.005
160,"CD Wallace",28,3.33542033761664,3.14012388754107,3.54312353515148,167,49,338.025,289.025,0,0.002
161,"Azhar Mahmood",107,3.33512580655297,3.19871362225302,3.50090712465913,170,69,274.05,205.05,0,0
162,"GP Wickramasinghe",63,3.33039023157287,3.14271369093011,3.55021250606259,171,48,348.025,300.025,0,0.003
163,"Tapash Baisya",41,3.32995709192365,3.04250123240031,3.73919009614706,182,10,457.125,447.125,0.003,0.058
164,"KJ O'Brien",141,3.3284914839588,3.19397004004696,3.47819182608846,170,77.975,285,207.025,0,0
165,"DR Smith",89,3.32735666834668,3.17938225266108,3.48854527657078,173,74.95,307.05,232.1,0,0
166,"C Kieswetter",39,3.32513851208742,3.12776278424255,3.56270252492215,179,43.975,353,309.025,0,0.007
167,"Wahab Riaz",66,3.32394484630269,3.14608835097294,3.51284900144212,180.5,59.975,344.05,284.075,0,0
168,"PL Symcox",53,3.32329994671994,3.09725753069118,3.59401921061471,184,30,394.025,364.025,0,0.019
169,"Umar Akmal",110,3.32106343091361,3.16235159108926,3.48623512992149,180,68,320.05,252.05,0,0
170,"G Singh",32,3.31782225112966,3.08142571040456,3.62525156044243,188,29,408.025,379.025,0,0.02
171,"MM Ali",112,3.31676564116502,3.16238267601042,3.46296698980449,181,83,316.05,233.05,0,0
172,"SS Iyer",67,3.31633135564557,3.16490630859855,3.48031613869174,184,76.975,313.025,236.05,0,0
173,"DK Lillee",33,3.31459172724955,3.05253840947849,3.57962428074759,188,33,442.025,409.025,0,0.01
174,"Sompal Kami",50,3.31379067013703,3.11715384172419,3.51844461783387,185.5,60.95,369.025,308.075,0,0.002
175,"IJ Harvey",50,3.31360856576787,3.13068269611809,3.49968399318967,183,68,354,286,0,0.003
176,"BA Stokes",99,3.31356713147322,3.17655764970448,3.46299189197321,184.5,87,304.025,217.025,0,0
177,"Aftab Ahmed",85,3.311017687916,3.1154555158591,3.58426147608857,194,40,359.05,319.05,0,0.006
178,"Aayan Afzal Khan",34,3.30906304432443,2.999159315961,3.70090039278089,198,15.975,497.125,481.15,0.002,0.048
179,"SP O'Donnell",64,3.3069423038548,3.1298971697603,3.52054776725521,193,57.975,358.125,300.15,0,0.004
180,"Kushal Malla",35,3.30587101781009,3.05648006400558,3.6321016661953,201,21,429.05,408.05,0,0.029
181,"GF Lawson",51,3.30537007360586,3.103874733239,3.51606484076315,189.5,61.975,384.025,322.05,0,0.002
182,"Wasim Akram",273,3.30520386277095,3.17624572791395,3.44612235022123,190,92.975,314,221.025,0,0
183,"AT Carey",77,3.30329809594868,3.16295934435314,3.45182806593999,193.5,91,318.075,227.075,0,0
184,"AJ Hosein",30,3.30291309276855,3.05645868902247,3.54892394638798,190,49.975,421.075,371.1,0,0.006
185,"D Gough",84,3.30234792291793,3.1012308705839,3.48814147550948,191.5,75.95,380.05,304.1,0,0
186,"SR Watson",169,3.30169692527887,3.18074760632965,3.43485441808447,195,103,300.025,197.025,0,0
187,"K Rabada",44,3.30086080414199,3.05445557884073,3.54531650938516,193,50,437.175,387.175,0,0.006
188,"N Boje",70,3.30036477730393,3.13769300697649,3.48454533868982,193,77.925,346.025,268.1,0,0.001
189,"NL McCullum",62,3.29865455409617,3.13431799562234,3.46969672987243,195,80,352,272,0,0
190,"Mohammad Nawaz",30,3.2975920726361,3.08916629519612,3.51733563168345,200.5,56.975,406,349.025,0,0.002
191,"AF Giles",32,3.2966791743962,3.07335801051959,3.53076809805511,197,58,422.05,364.05,0,0.002
192,"HH Streak",158,3.29572911046053,3.17606224753314,3.42438294401185,198,105,311,206,0,0
193,"CR Brathwaite",37,3.29378452794039,3.0729913960544,3.51843282978492,199.5,62,420.025,358.025,0,0
194,"Mustafizur Rahman",52,3.29249694818006,3.04162115642922,3.55065216643821,203,47,465.025,418.025,0,0.005
195,"Imran Nazir",78,3.29011883278532,3.08252609356873,3.56168106084582,208,42,411.05,369.05,0,0.01
196,"NAM McLean",34,3.28791592210615,3.0563263614928,3.53209802826527,204,55.95,446,390.05,0,0.002
197,"B Kumar",52,3.28633630636377,3.10457878765366,3.48382753386454,206.5,74.95,385,310.05,0,0
198,"IK Pathan",85,3.28608222136945,3.1221461723411,3.47371998048747,209,78.975,364,285.025,0,0.002
199,"WB Rankin",31,3.2841918302927,2.96778187070011,3.66684612895072,203,21,563.15,542.15,0,0.036
200,"WPUJC Vaas",218,3.28360420952124,3.1483196045119,3.42438359027725,207,101,334.05,233.05,0,0
201,"A Zampa",57,3.2834700909827,3.0778003374024,3.46462148064871,203.5,80,407.1,327.1,0,0
202,"KA Pollard",112,3.28198032821975,3.13697482631929,3.43673905843741,209.5,102,340.125,238.125,0,0
203,"KAJ Roach",53,3.27994350097774,3.04371447953375,3.50607141637857,209.5,65,442.075,377.075,0,0.005
204,"HC Brook",35,3.27823159002852,3.08371408142345,3.48581549406779,214.5,72.925,406.025,333.1,0,0.001
205,"MV Boucher",220,3.27681100080607,3.14307148947095,3.41613975947152,215.5,111.975,334.075,222.1,0,0
206,"RR Singh",113,3.27509781164024,3.04383927161643,3.58384410648137,228.5,34,446.075,412.075,0,0.012
207,"Rizwan Cheema",32,3.27468720667848,3.0660864550982,3.52121945216152,219,54.975,426.025,371.05,0,0.004
208,"AC Gilchrist",279,3.27459709461575,3.16819869224512,3.38421790081725,217,137,307.025,170.025,0,0
209,"S Dhaniram",41,3.2741178499726,3.0014875795396,3.68001574368487,234,18.95,513.05,494.1,0.001,0.033
210,"AD Mathews",194,3.27350595604609,3.15319113151704,3.4010802140415,219.5,126,327.025,201.025,0,0
211,"AR Whittall",35,3.27226180904846,3.00451499250892,3.56544570489282,219,43.975,505.05,461.075,0,0.009
212,"LJ Tucker",48,3.27176004112293,3.08242273510273,3.50620937710621,228,64,406.025,342.025,0,0.003
213,"JN Gillespie",38,3.27140928167533,2.98257949774768,3.56750424988551,223,39.975,535,495.025,0,0.009
214,"MD Shanaka",63,3.27010278783114,3.0762149904105,3.51853423248693,226,55.975,414,358.025,0,0.003
215,"Umar Gul",63,3.2697886787431,3.08757685474401,3.44647218478947,221,89,402.025,313.025,0,0
216,"DJ Malan",30,3.26721144952112,3.01817996221671,3.56715435923193,236,36.975,474.025,437.05,0.001,0.014
217,"AME Roberts",32,3.26644530860353,3.02705828364747,3.54049262571748,224.5,57.975,468.075,410.1,0,0.004
218,"Sir RJ Hadlee",98,3.26567278285054,3.09474969571424,3.42564530202545,222,107,390.025,283.025,0,0
219,"AL Logie",131,3.26518842736977,3.11299829680832,3.41379694319691,227,115.975,365.025,249.05,0,0
220,"BM Duckett",29,3.26505465397864,3.05496057741704,3.4703539179232,224,86,431.125,345.125,0,0.001
221,"MS Wade",83,3.26461997332982,3.05636800203279,3.52557164789143,235.5,54.975,431.075,376.1,0,0.005
222,"AK Markram",78,3.26402595823994,3.11508551762912,3.41032861108804,225,116,366,250,0,0
223,"R Trumpelmann",40,3.2638357759716,3.07015755235428,3.47449235244755,226.5,78,436.05,358.05,0,0
224,"AJ Hall",54,3.26376623488437,3.07021849749467,3.44230978584883,224.5,96,417,321,0,0
225,"TM Dilshan",302,3.26107393500598,3.14981278551076,3.37846559033594,226,139.975,334,194.025,0,0
226,"MP Stoinis",64,3.26092563796863,3.1032293081194,3.4236798741467,228,102,385.15,283.15,0,0
227,"MS Dhoni",297,3.2590409934971,3.1332758055642,3.38380663131995,230.5,131.975,345.05,213.075,0,0
228,"Saeed Ajmal",67,3.25540677845258,3.02628677809238,3.52799699079681,239,57,476.1,419.1,0,0.005
229,"H Patel",23,3.25359951070739,2.93697859602168,3.67880388271125,250,16.95,574,557.05,0.002,0.035
230,"Mohammad Nadeem",36,3.25221071464854,2.95977269119601,3.64567855341345,250.5,22,553,531,0,0.031
231,"Imran Khan",151,3.25107634907084,3.11807360544128,3.40127030674754,237,120,365.025,245.025,0,0
232,"Moin Khan",180,3.25044308617986,3.12703911776842,3.39491973745896,241,125.975,353,227.025,0,0
233,"LJ Wright",39,3.24935014442929,3.05745243186714,3.45702455929715,239,92,424.05,332.05,0,0
234,"HDPK Dharmasena",87,3.24932631410202,3.10052350671371,3.40047543938154,238,125,386.025,261.025,0,0
235,"HG Munsey",69,3.24715630112748,3.10296946789974,3.38384902981424,237,132,378.075,246.075,0,0
236,"Soumya Sarkar",74,3.24681656449655,3.0830168458121,3.40795814279221,238,120,410.025,290.025,0,0
237,"BJ Haddin",114,3.24597020768451,3.10887717593559,3.37564039774672,243.5,135.975,368.025,232.05,0,0
238,"IT Botham",106,3.24481817808541,3.10319380848869,3.4009135211752,242,122.975,384.025,261.05,0,0
239,"Sarfaraz Ahmed",91,3.24458442125778,3.10586481237703,3.37747634445565,241,136.975,384.025,247.05,0,0
240,"V Sehwag",245,3.24144742997445,3.11121595043875,3.38497343940886,246,129.975,385.025,255.05,0,0
241,"KL Rahul",81,3.24112346375209,3.08121063656956,3.4019126655958,250,123.975,408.025,284.05,0,0
242,"T Bavuma",51,3.2399519090468,3.05573678541075,3.43143836809674,249,105.95,443.025,337.075,0,0
243,"T Mupariwa",32,3.23809252551478,2.95880244944368,3.54034059092557,251,48.975,551.125,502.15,0,0.01
244,"Mohammad Irfan",30,3.23748983157675,2.86645781814828,3.61002203969189,248.5,30,652.2,622.2,0.001,0.021
245,"Mirwais Ashraf",36,3.23715366538471,3.00339038255479,3.50125830005774,257.5,67,501.05,434.05,0,0.008
246,"TE Blain",38,3.23525880023927,3.00763243604307,3.45170899034208,251,87.95,492.35,404.4,0,0.002
247,"MD Marshall",82,3.23311346292456,3.07122456902035,3.39658534094118,251,124.975,428.075,303.1,0,0
248,"CL Cairns",193,3.23196041233205,3.10721995630329,3.35985406127415,257,156,374.075,218.075,0,0
249,"N Dickwella",52,3.23188247725123,3.04486962290881,3.45624135741784,259,91,462.05,371.05,0,0.002
250,"SPD Smith",154,3.23158540916302,3.11269494450549,3.3590804769095,256.5,151.975,370.05,218.075,0,0
251,"LH Ferguson",30,3.22974441833373,2.96657045435643,3.49134875635077,257.5,72.925,540,467.075,0,0.004
252,"R Ravindra",30,3.22912239428089,3.03176780853308,3.46179960836126,261.5,79.975,465.2,385.225,0,0
253,"A Nehra",44,3.22885955889171,2.94333031299334,3.55789155021051,262,43,577.15,534.15,0,0.013
254,"Waqar Younis",137,3.22789554053108,3.06418458504759,3.38662304163291,261.5,131,435,304,0,0
255,"GR Larsen",69,3.22505126692642,3.0565151814009,3.42233223680031,261,114.975,439.1,324.125,0,0.001
256,"DJ Hussey",61,3.22278392778055,3.02833325898388,3.42503292016328,265,107.975,468.1,360.125,0,0.001
257,"CH Gayle",294,3.22258738432484,3.10376955392282,3.3404459038408,261.5,164.975,379.05,214.075,0,0
258,"BFW de Leede",50,3.22073305994915,2.89021343554507,3.68309187779799,285,17,620.1,603.1,0.001,0.04
259,"WB Phillips",41,3.21945307233021,3.03285160242828,3.46433339597282,278,81,461.125,380.125,0,0.002
260,"CK Coventry",35,3.21812004722819,3.02517605719211,3.43081994295251,269,108.975,474.025,365.05,0,0.001
261,"RW Marsh",76,3.21622907967113,3.0481328187183,3.40274132219885,274,116.975,455,338.025,0,0
262,"M Dillon",48,3.21597087345603,2.97548573316616,3.45075575004892,268.5,89.975,530.025,440.05,0,0
263,"AT Nidamanuru",37,3.21500904647291,3.02393596059623,3.40118320867781,272.5,121.975,474.05,352.075,0,0
264,"MR Marsh",95,3.21413980849521,3.07668128381459,3.3709190438276,272,142,420.05,278.05,0,0
265,"B McMullen",33,3.21410966724157,3.0197280549124,3.43951082625485,278,94,475.025,381.025,0,0.002
266,"IVA Richards",167,3.21342441316927,3.09079224982923,3.33337859756847,272,173.975,387,213.025,0,0
267,"Manzoor Elahi",46,3.21280151487019,3.00513426213381,3.43495312402288,277,101.95,502,400.05,0,0.001
268,"SR Mukkamalla",32,3.21185104413364,2.95384739774375,3.52725665185507,279.5,56,566.1,510.1,0,0.007
269,"ST Jayasuriya",432,3.21171202020357,3.09839253575012,3.32096366396692,274,180,383,203,0,0
270,"Mohammad Nabi",154,3.2114593793665,3.0739113858032,3.34828963310446,275,161,413,252,0,0
271,"RV Uthappa",41,3.2107768919919,3.0160865668041,3.40814423583897,270.5,109,479.025,370.025,0,0
272,"NP Kenjige",41,3.20996511561899,2.96573829637313,3.46418804646463,277,86.975,535.025,448.05,0,0.005
273,"DJ Mitchell",50,3.20847443100042,3.01546924363756,3.44241778214245,282,96.925,482,385.075,0,0.004
274,"AR McBrine",65,3.20721348371386,3.04334993478861,3.38342556729508,278.5,141.975,457.075,315.1,0,0
275,"DA Warner",159,3.20710888317942,3.07210396714794,3.34909077418689,278,160.95,424.025,263.075,0,0
276,"AC Waller",38,3.20627026980298,2.94555240461988,3.52623630143135,289,60.875,566.025,505.15,0,0.005
277,"AD Hales",67,3.20534565833534,3.07024616644067,3.34856723768279,283.5,161.975,419,257.025,0,0
278,"BM McMillan",52,3.20408136135741,3.01444145284154,3.43728792206029,290,98.975,492,393.025,0,0.003
279,"EJG Morgan",230,3.20371100517365,3.08351406160419,3.33549177989503,282,175.975,420.025,244.05,0,0
280,"Mohammad Rizwan",85,3.20276842807458,3.0358113830146,3.39229355956191,282,127.975,465,337.025,0,0
281,"RA Harper",71,3.20149480615418,3.02153556517267,3.39949622140102,283,123,479.025,356.025,0,0
282,"CPH Ramanayake",34,3.20111446338916,2.91400532470281,3.48533954512985,286,73.975,609.025,535.05,0,0.001
283,"CB Mpofu",38,3.19741707368938,2.88593435933632,3.52242770437016,283,58,626.025,568.025,0,0.004
284,"IR Bishop",43,3.19426698910927,2.97869569084515,3.42187796745516,290,111.925,535.025,423.1,0,0
285,"SMH Kirmani",31,3.19260116701792,2.95353144815334,3.46106655655159,297,82.975,561.175,478.2,0,0
286,"Sabbir Rahman",58,3.18899022039574,3.02232542261076,3.36099886493173,302,146.95,472.075,325.125,0,0
287,"Kamran Akmal",138,3.18814218213953,3.05892542754763,3.32241429806754,294.5,182,431,249,0,0
288,"KM Jarvis",32,3.18735483785893,2.95527506657169,3.4543980277718,298,92.975,551.025,458.05,0,0.001
289,"N Kapil Dev",196,3.18682627358332,3.04638041723326,3.33444764777205,296,166,454,288,0,0
290,"Kuldeep Yadav",38,3.18667926440763,2.94549662242839,3.43220831326319,301,99.925,566.1,466.175,0,0
291,"BKG Mendis",144,3.18585293590704,3.04963051623605,3.3320964364362,301,176.975,440.025,263.05,0,0
292,"HE van der Dussen",65,3.18517140025273,2.99878992414744,3.41157023505719,309,112,498.075,386.075,0,0.001
293,"S Prasanna",36,3.18511486975303,2.96016303181608,3.38779493447578,298.5,123.975,539.025,415.05,0,0
294,"JM Davison",32,3.18455501184526,2.92854698822171,3.47533852678355,297,79,587.05,508.05,0,0.002
295,"UDU Chandana",110,3.18401201181004,3.03901236296155,3.33133951594133,301,177.975,453.025,275.05,0,0
296,"Asif Khan",37,3.18389009551679,2.96249752562914,3.45301622633199,312,78.975,549.05,470.075,0.001,0.005
297,"C Campher",35,3.18270644001423,2.97709320678459,3.4209771483851,305.5,115.975,532.025,416.05,0,0
298,"RS Kalpage",68,3.18269254846629,3.00906979609147,3.35205551923803,306.5,149,491.025,342.025,0,0
299,"CO Browne",32,3.18131753349252,2.90347069885402,3.46394843362009,304.5,90,604.05,514.05,0,0
300,"Taskin Ahmed",45,3.18122139518297,2.9363520363443,3.41233164291173,305,120.8,573.025,452.225,0,0
301,"KD Karthik",79,3.1807672106242,3.01428095153791,3.35507046085562,301,154.975,479.1,324.125,0,0
302,"A Sharma",20,3.18050326695069,2.89101522978118,3.55705406035116,315,40.925,624.275,583.35,0,0.012
303,"Aasif Sheikh",61,3.18032509749602,2.98186175199801,3.47511823803948,320,78.875,524.025,445.15,0,0.004
304,"Mashrafe Mortaza",157,3.18008693715137,3.02825240222441,3.32620789100552,304,169,472.025,303.025,0,0
305,"PR Reiffel",57,3.17988643955626,2.98877538051438,3.38492101587322,308,134.975,514.05,379.075,0,0
306,"MA Holding",40,3.17901677417556,2.94796861551075,3.40891038792466,302,119,551.025,432.025,0,0
307,"GD Elliott",69,3.17656698628051,3.02107631924889,3.33634576863006,311,165.975,475.025,309.05,0,0
308,"MDKJ Perera",111,3.17360344723967,3.03632740712355,3.32023788069548,313,179,465.025,286.025,0,0
309,"AJ Hollioake",30,3.17321522989407,2.9683337990585,3.40447741441581,316,119,541.1,422.1,0,0
310,"DR Martyn",182,3.17275563226559,3.02474059789857,3.31842037598531,310,180.975,474.05,293.075,0,0
311,"Rubel Hossain",47,3.17081630459019,2.93590061579739,3.40447753065391,314,121,578.05,457.05,0,0
312,"TJ Friend",38,3.17038717570347,2.9471272924489,3.43073938650349,324,99.975,570.025,470.05,0,0.002
313,"JO Holder",112,3.16962020114326,2.98454685880857,3.35126740821887,312,158,521.025,363.025,0,0
314,"WKM Benjamin",50,3.16947573670679,2.94399405909882,3.40888369674073,321,112.925,571.15,458.225,0,0
315,"KIC Asalanka",70,3.16847012185044,3.0145836947911,3.32460898172853,318,179.975,477.05,297.075,0,0
316,"AJ Finch",142,3.16590591853383,3.04407860110196,3.30757589210205,320,195.975,454.15,258.175,0,0
317,"HK Badani",36,3.16481039229653,2.93544952791099,3.48185844275754,335,76.95,588,511.05,0,0.006
318,"TT Samaraweera",41,3.16476853670122,2.96088497430028,3.3874801049451,320,127.975,560.075,432.1,0,0
319,"AT Rayudu",50,3.16455029082055,2.99662067514432,3.33976401783112,324,169,509.025,340.025,0,0
320,"JR Hopes",61,3.16440343055674,2.96319740871906,3.36521043755714,319,141.975,542,400.025,0,0
321,"GB Brent",52,3.16393496049107,2.96273388767695,3.38071561358007,325.5,141.85,541,399.15,0,0
322,"Saleem Yousuf",59,3.162612224136,2.97960366376042,3.34400847267983,325,156,536,380,0,0
323,"CA Ingram",29,3.16117152783462,2.94587598341279,3.38260499746986,323,134.975,563.05,428.075,0,0
324,"Gulbadin Naib",78,3.16057871992754,3.01654336462496,3.32266408885084,326,177.95,481.025,303.075,0,0
325,"CD Collymore",33,3.16031731597783,2.82586620227235,3.5434598371791,339,48,680.075,632.075,0,0.014
326,"DJ Bravo",141,3.15803234098228,3.02721747447665,3.29161235772304,328,201.975,467.075,265.1,0,0
327,"Shaiman Anwar",40,3.15499339084877,2.8924379946322,3.46528915480385,338.5,78.9,615.075,536.175,0,0.005
328,"Mudassar Bukhari",34,3.15328619919391,2.94648441623876,3.38436475023229,335,128,562.05,434.05,0,0
329,"B Muzarabani",39,3.15325611557508,2.85795683470054,3.52874959188893,347.5,55.95,655.025,599.075,0,0.012
330,"DW Steyn",51,3.15279223821159,2.94277959384484,3.35532056584238,330,151.975,575,423.025,0,0
331,"R McLaren",41,3.15203579877277,2.9343075079101,3.37144244814018,331,143.925,579.1,435.175,0,0.001
332,"T Panyangara",47,3.1485062442536,2.90262973133672,3.41249467951926,342.5,108.975,614.125,505.15,0,0
333,"AN Kervezee",36,3.1481345339637,2.92336846503017,3.47303642637988,349,79.95,596.05,516.1,0,0.003
334,"Misbah-ul-Haq",146,3.14687682370977,2.98167997767168,3.33814479156419,341,165.9,531.05,365.15,0,0
335,"GRJ Matthews",49,3.14333071431866,2.96093887109692,3.34996345472361,343,159,555.025,396.025,0,0
336,"TL Chatara",56,3.14328787336288,2.95387333023809,3.35699550045125,346,151.975,554,402.025,0,0
337,"Mahmudullah",209,3.14235437240335,3.01665835939735,3.27033035287843,344,223.975,484,260.025,0,0
338,"E Chigumbura",197,3.1412243668246,3.01666919622123,3.26049455013838,344,229.95,492.025,262.075,0,0
339,"Babar Azam",131,3.14120285285238,3.02541782326442,3.2643198544262,350,230,472.025,242.025,0,0
340,"DN Patel",63,3.13809206104257,2.97511800977635,3.31642899231021,348,184,534.075,350.075,0,0
341,"HT Tector",49,3.1369266298816,2.94122585185616,3.35780388193974,356.5,146.95,564,417.05,0,0
342,"KP Pietersen",125,3.13689216146282,3.00424308771215,3.27901258259827,350,224.95,492,267.05,0,0
343,"CK Kapugedera",84,3.13629790649687,2.98418760526876,3.32053737556713,357,185.925,520.025,334.1,0,0
344,"Towhid Hridoy",40,3.1359920702307,2.93293446575856,3.36018490641413,358.5,141,577.075,436.075,0,0.001
345,"F du Plessis",136,3.13524636004966,3.00655177090089,3.26950471520094,353,226.975,498.025,271.05,0,0
346,"RAS Lakmal",46,3.13489135196143,2.87744116744675,3.40021625834374,355,120.95,636.075,515.125,0,0
347,"GO Jones",43,3.13463520156497,2.95105949362304,3.33265661761486,352.5,176,562.025,386.025,0,0
348,"Saqlain Mushtaq",94,3.13235054007393,2.8913439222154,3.45280732302814,368.5,86.925,624.025,537.1,0,0.003
349,"SR Waugh",287,3.13074553679677,3.01294093504952,3.24793796276002,356,242.975,488,245.025,0,0
350,"SR Tendulkar",452,3.1301181142581,3.02481636260272,3.23886554815848,356,250.975,475,224.025,0,0
351,"Najibullah Zadran",84,3.12985541973595,2.96744250090316,3.30580194047766,357,191.975,548.05,356.075,0,0
352,"LRPL Taylor",220,3.12906480117408,3.00902123155379,3.2476465234758,358,247,490,243,0,0
353,"MA Suji",49,3.12876101238968,2.87782524252436,3.37938139229642,355,138,637.075,499.075,0,0
354,"GJ Bailey",85,3.12845263944621,2.97127638517921,3.34739010993379,369,158.925,536.125,377.2,0,0.001
355,"TWM Latham",147,3.1280850034944,2.99454327647206,3.26196217739616,360,234,511,277,0,0
356,"S Samarawickrama",47,3.1277624650755,2.9510983153244,3.31727336669652,362,178.975,558.025,379.05,0,0
357,"HM Amla",178,3.12687528079748,3.02245121574428,3.23876656166582,361,243.975,477.025,233.05,0,0
358,"RS Kaluwitharana",179,3.12662219172252,2.97839829948865,3.29615474840862,364,197.975,533.025,335.05,0,0
359,"AG Cremer",68,3.12639409798728,2.96588980597127,3.30046191728239,361,196,543.1,347.1,0,0
360,"BC Lara",289,3.12601088805649,3.0169230282952,3.23915343545599,365,249.95,477.025,227.075,0,0
361,"T Mishra",40,3.12567199827006,2.89534107616052,3.38267582721013,363,136.95,615,478.05,0,0
362,"RN ten Doeschate",32,3.12529976841971,2.93511835941128,3.33239725480776,365,171.9,575.175,403.275,0,0
363,"S Madan Lal",35,3.12440484324097,2.92698250860465,3.34076992971708,371,160.95,588,427.05,0,0
364,"Mohammad Shahzad",90,3.12330378948968,2.98589400188842,3.2855321086845,368.5,213.975,524,310.025,0,0
365,"IDR Bradshaw",34,3.12082780479275,2.88602588799984,3.37499598675877,373,143.925,630,486.075,0,0
366,"Basit Ali",43,3.12079422307622,2.93392727456738,3.34983489271606,371,158.9,576.05,417.15,0,0.001
367,"HA Varaiya",37,3.11997698899195,2.87144031515992,3.37496008971654,366,134.875,651.025,516.15,0,0
368,"JC Buttler",169,3.11783834774745,2.95584225682193,3.28481756075143,374.5,204.975,562.025,357.05,0,0
369,"CS Baugh",34,3.11762215269609,2.90015111684099,3.33838500196588,374.5,165.975,614.05,448.075,0,0
370,"A Johnson",20,3.1174633307953,2.84836412335615,3.47205829361326,384.5,84.9,665.025,580.125,0,0.005
371,"Shafiul Islam",34,3.11679067843614,2.83807179390193,3.43587977304109,376.5,103.975,674,570.025,0,0.001
372,"TM Moody",64,3.11615476694238,2.93156411532857,3.32182846035143,374,181,580.05,399.05,0,0
373,"Mehidy Hasan Miraz",85,3.11546127079461,2.95314095141906,3.28056660261884,374,211.975,561,349.025,0,0
374,"Haris Sohail",44,3.11459891088754,2.94996245202058,3.26906618459826,370,225.95,558.075,332.125,0,0
375,"Sarfraz Nawaz",30,3.11378278887344,2.84080296407809,3.44145548234183,384,99.925,666.025,566.1,0,0.001
376,"D Ramdin",110,3.11294224578012,2.95831102806531,3.26367891922018,376.5,228.975,546.125,317.15,0,0
377,"M van Lingen",39,3.11280457073082,2.9003637815281,3.32630505912929,374.5,181.85,613.05,431.2,0,0
378,"R Rampaul",36,3.11266595607531,2.88075708719855,3.38294248241897,380,135.95,632,496.05,0,0
379,"RP Burl",44,3.11212311772937,2.93770202764016,3.30609138581582,376,185.975,576.05,390.075,0,0
380,"Mohammad Rafique",106,3.1097435858479,2.93534858802367,3.29279039032934,383,198.975,578.025,379.05,0,0
381,"CD McMillan",183,3.10966231015151,2.97178290971489,3.26157340041669,379,239.925,530.05,290.125,0,0
382,"MG Bevan",196,3.10725874208856,2.97978251751913,3.24141404019463,384,241.975,535,293.025,0,0
383,"Anamul Haque",46,3.10717254764569,2.91315589806,3.34850793487635,387,162.925,601.15,438.225,0,0
384,"RR Rossouw",35,3.1067277046476,2.90795942059736,3.31221204019763,385,177,603,426,0,0
385,"AG Prince",41,3.10643343163689,2.92546355617366,3.3145043543077,384.5,188.95,588.025,399.075,0,0
386,"HM Nicholls",79,3.10579572962178,2.95976172103786,3.25874425360561,385,234.975,557,322.025,0,0
387,"Simi Singh",30,3.10356294954114,2.85877725789136,3.35714953883512,385.5,156.95,644,487.05,0,0
388,"Ijaz Ahmed",232,3.10276756749223,2.9980002658018,3.21567930810288,388,275.95,503,227.05,0,0
389,"AA Obanda",45,3.10086223420778,2.87985186203379,3.34436166074678,399.5,164.875,626.025,461.15,0,0
390,"TD Paine",35,3.09975945656561,2.89164276350098,3.3203960832095,391,178,629.025,451.025,0,0
391,"R Powell",48,3.09842148481002,2.92629785346604,3.29309609982452,394.5,203.975,581,377.025,0,0
392,"M Labuschagne",58,3.09789043952698,2.93630196095677,3.26973171304009,390,224.95,574.05,349.1,0,0
393,"Ibrahim Zadran",39,3.09731778674336,2.866249490488,3.42139118967397,406.5,105.875,648,542.125,0,0.004
394,"KJ Coetzer",87,3.09526341599801,2.93209421877426,3.25793125888823,397,235,575.05,340.05,0,0
395,"RC Russell",31,3.09526293823699,2.86499410337242,3.34077036585903,399,156,642.025,486.025,0,0.001
396,"LRD Mendis",74,3.09491090464314,2.93334924726409,3.26775920381031,397,222.875,579.025,356.15,0,0
397,"M Azharuddin",308,3.09263111455834,2.96917124759099,3.22284370705104,400,274,535,261,0,0
398,"CL Hooper",206,3.09234546078742,2.94732126220881,3.24754327023851,399,248.95,568.075,319.125,0,0
399,"Mushfiqur Rahim",256,3.09234510939478,2.9669303906664,3.21528647156628,397,271.95,550,278.05,0,0
400,"AC Botha",38,3.09216789749533,2.87092011706854,3.34586752649963,399.5,167.9,639.05,471.15,0,0
401,"CL White",77,3.09161177552426,2.91564066333482,3.27302775710669,401,222,606.025,384.025,0,0
402,"DS Lehmann",101,3.09024695513467,2.95371998833952,3.2335486587869,402,255.975,561.025,305.05,0,0
403,"TM Odoyo",119,3.08987607194658,2.95463468039167,3.22374310593909,403,265,557,292,0,0
404,"Rashid Latif",115,3.08955964087175,2.92383469509479,3.26973764199048,407,223.925,594.025,370.1,0,0
405,"Shakib Al Hasan",234,3.08931316452655,2.95129350578473,3.22332593016023,401,260.975,559,298.025,0,0
406,"PJ Ongondo",61,3.08904108666836,2.89358532903217,3.28920522169315,405,201,616.025,415.025,0,0
407,"Yuvraj Singh",277,3.08896791059333,2.96140555336435,3.22482998661635,405,257,547,290,0,0
408,"CZ Harris",213,3.08682330134141,2.95129605645096,3.22409875262893,408,268,560.075,292.075,0,0
409,"BA King",58,3.08423512212595,2.92599361097058,3.25398941991075,407,243.95,587,343.05,0,0
410,"KLT Arthurton",91,3.0839970884976,2.92421412349562,3.25891955954766,410,239,586,347,0,0
411,"AC Parore",160,3.08294941179975,2.95126087062738,3.23291256766172,413,263,554.05,291.05,0,0
412,"E Lewis",67,3.08276766953891,2.91562284108471,3.23513089335395,411,255,592.125,337.125,0,0
413,"RG Sharma",268,3.08264914123286,2.98373387755817,3.19864867612055,415,286.975,532.075,245.1,0,0
414,"Fakhar Zaman",85,3.08214006049076,2.92381528933389,3.25487654791336,413,245.95,591.025,345.075,0,0
415,"V Kohli",292,3.08044541459068,2.9543949968978,3.21504321965564,413,269.975,563.025,293.05,0,0
416,"MJ Guptill",194,3.07949861225309,2.94962868549805,3.21042928623349,416.5,273.95,564.1,290.15,0,0
417,"AR Border",251,3.07935718936403,2.96652983891448,3.20757448995593,414,285,533,248,0,0
418,"GJ Rennie",37,3.07880208378692,2.88892570933739,3.32315810757067,423.5,178.975,636.025,457.05,0,0
419,"Muhammad Usman",37,3.07738331520303,2.86416719942399,3.31577723687937,422,184.975,648.15,463.175,0,0
420,"RS Bopara",109,3.07530276001337,2.95188469643685,3.20800177766665,421,271,567,296,0,0
421,"Sandeep Goud",30,3.07417180141496,2.84728440254945,3.31133932135726,420.5,185.85,661,475.15,0,0
422,"AJ Lamb",118,3.07325213174526,2.94943741988306,3.2002141693118,420,287,559,272,0,0
423,"SA Edwards",64,3.07141220598563,2.92508983660475,3.22099093076502,423.5,267.95,584,316.05,0,0
424,"RDB Croft",36,3.0713847756821,2.83271562512229,3.32942274295128,423,177.975,678.025,500.05,0,0
425,"JDS Neesham",65,3.07116810032932,2.86166167970105,3.26793085139883,424,215.975,650.125,434.15,0,0
426,"S Dhawan",164,3.07107251980611,2.95123552757396,3.18587569433516,427,293.975,555.1,261.125,0,0
427,"PVD Chameera",36,3.07046323148778,2.84376267789463,3.31886200086412,430.5,178.975,671,492.025,0,0
428,"TP Ura",61,3.068277324425,2.90620033127304,3.2348054317705,424,253,617,364,0,0
429,"J Charles",58,3.06766637765904,2.91570340706549,3.23990511520882,431,252,602,350,0,0
430,"KM Dabengwa",34,3.06689892450632,2.8316724830735,3.28231908551019,428,213.975,667.075,453.1,0,0
431,"Nasir Hossain",52,3.06652059976147,2.86163028298012,3.29424016422414,428.5,193.925,654,460.075,0,0
432,"JE Taylor",42,3.06571174089277,2.81521362446009,3.29906338138302,435,186.925,691,504.075,0,0
433,"DM de Silva",82,3.06456259988825,2.914985444244,3.22901514222913,435,261.9,597,335.1,0,0
434,"Aqib Ilyas",30,3.06451267524324,2.87274712287202,3.24777492345807,423,247,637.05,390.05,0,0
435,"Muhammad Waseem",61,3.06381225991612,2.89452497988756,3.22671038068399,427,257.875,618.025,360.15,0,0
436,"A Dutt",38,3.06360882758077,2.73982358001197,3.45008266105776,455,93,733.025,640.025,0,0.004
437,"AA Donald",38,3.06311972407833,2.71251316680418,3.45740748474088,453.5,88.925,747,658.075,0,0.002
438,"SM Patil",42,3.06191156305512,2.88021069301885,3.2567668983319,439,238.975,626.125,387.15,0,0
439,"DJ Nash",53,3.06122799504928,2.86946046077871,3.25675772685554,439,230.9,638.025,407.125,0,0
440,"NR Mongia",95,3.06070026991219,2.91901402121758,3.22643057217582,439,258.95,590.15,331.2,0,0
441,"DS Airee",59,3.06015869094359,2.85063267035202,3.30121261978724,443,201.925,652.025,450.1,0,0
442,"AR Cusack",47,3.05951841755865,2.85707037850983,3.26016225015182,438,231,651.125,420.125,0,0
443,"JM Bairstow",98,3.05938243103632,2.88981439088925,3.247159550264,440,243,631.025,388.025,0,0
444,"Litton Das",94,3.05741990063117,2.909576916941,3.20587869137991,443,286.95,603,316.05,0,0
445,"L Siaka",47,3.05741857915815,2.87619118273639,3.23252960047196,441,257.925,644.025,386.1,0,0
446,"PJL Dujon",120,3.05730436398048,2.91188415720156,3.23115694926384,447,249,600.025,351.025,0,0
447,"Shoaib Malik",257,3.05701362536171,2.90846085282489,3.19762265566405,441,280,604.025,324.025,0,0
448,"Tamim Iqbal",240,3.05680101481692,2.93632374250754,3.17755934286168,442,310.925,578.025,267.1,0,0
449,"Q de Kock",155,3.05630413265038,2.933934903139,3.18217613866771,440,298.975,582,283.025,0,0
450,"PW Borren",50,3.05618808331749,2.89038748697362,3.24166774452857,441,244.875,625.025,380.15,0,0
451,"SB Styris",161,3.05534949440988,2.93834460051099,3.18258313564538,444,302.975,577.025,274.05,0,0
452,"DP Conway",35,3.0549884861507,2.87475456588245,3.255073246921,446.5,227.95,639.075,411.125,0,0
453,"BJ McCarthy",30,3.05402192702286,2.81012287136379,3.3056348925448,449,194.975,692,497.025,0,0
454,"M Kaif",110,3.05359915454147,2.90538016931772,3.20533246505374,447,285,609.05,324.05,0,0
455,"BRM Taylor",205,3.05324081461984,2.91719615980526,3.18300820259796,444,307.975,587.025,279.05,0,0
456,"Shubman Gill",58,3.05276867950443,2.84981624073922,3.26417484295898,449.5,230.825,663.025,432.2,0,0
457,"SR Taylor",49,3.05231886838903,2.88289854531813,3.22161564786709,444,261.975,638,376.025,0,0
458,"Fawad Alam",36,3.05082392074362,2.8398932553612,3.26940815303107,452,216.875,667,450.125,0,0
459,"RP Arnold",155,3.05078048892371,2.92782511659148,3.17459993927776,449,303.975,585,281.025,0,0
460,"JM Anderson",69,3.05055191651486,2.80899358819806,3.3317317421244,462,164,700.025,536.025,0,0.001
461,"Shoaib Khan",31,3.04967682649725,2.81937933382249,3.27568654270054,449,214.95,684,469.05,0,0
462,"Junaid Siddique",94,3.04860342126826,2.79476731468057,3.3139773854531,458.5,181.9,707,525.1,0,0
463,"A Dananjaya",30,3.04818039005051,2.75946379913212,3.40836555469461,464,121.9,720.075,598.175,0,0.006
464,"KOA Powell",44,3.04702776003833,2.85478188993526,3.24422019275495,454,243,657,414,0,0
465,"TLW Cooper",31,3.044292034409,2.82907912630533,3.26175099930969,456,225,684.05,459.05,0,0
466,"KC Sangakkara",380,3.04224833294504,2.92155831213882,3.15644520666885,459,343,584.025,241.025,0,0
467,"KS Williamson",167,3.04200261884457,2.91377990141267,3.17524889126055,462,317.975,594,276.025,0,0
468,"N Pooran",58,3.03898185677744,2.87426478314167,3.22001279205638,462,262.925,634.025,371.1,0,0
469,"Mohammad Mithun",30,3.03807964568923,2.83245101548146,3.24946747058235,467.5,231.825,680,448.175,0,0
470,"LD Chandimal",142,3.03771537207591,2.90537959122582,3.16738103833351,463,321.975,603,281.025,0,0
471,"MJ Prior",61,3.03516416497581,2.85766072343577,3.21259833891693,467.5,269.975,651.025,381.05,0,0
472,"Basil Hameed",45,3.03430866450304,2.85207028133541,3.24912335737574,473,247.95,660,412.05,0,0
473,"IR Bell",156,3.0326290029949,2.9082016910538,3.15592539765048,471,335.975,606,270.025,0,0
474,"P Utseya",130,3.0313023282425,2.87859343896319,3.20712210938507,470,286.975,637.05,350.075,0,0
475,"RW Price",58,3.02944880907375,2.83755316640208,3.22845934982598,472,258.95,669.1,410.15,0,0
476,"S Matsikenyeri",110,3.02943821110053,2.84690262331483,3.24979073174923,484,237.975,667,429.025,0,0
477,"UT Khawaja",39,3.02929082520833,2.81870607598428,3.25199446974874,475,232,686.025,454.025,0,0
478,"Karim Sadiq",21,3.02706453554177,2.77985316581747,3.27334648433241,479,224.875,713.05,488.175,0,0
479,"ML Nkala",35,3.02704956312733,2.76998373226931,3.31917040440207,482.5,165.975,723.05,557.075,0,0
480,"RL Chase",50,3.02590968514776,2.86327597088503,3.20784784070152,483,272.925,646,373.075,0,0
481,"Khaled Mahmud",72,3.02468325287728,2.86214671480906,3.19186391582443,478.5,293,646.025,353.025,0,0
482,"HH Gibbs",240,3.02362085008687,2.91168533030592,3.1300985238433,478,361,599.025,238.025,0,0
483,"Saleem Malik",256,3.02215720370315,2.90692635555957,3.12830168166049,480,356.975,608.025,251.05,0,0
484,"CA Soper",53,3.02164356300932,2.84163405878288,3.20659608236154,479,283.975,669.025,385.05,0,0
485,"MJ Clarke",223,3.0209083365946,2.90527728509566,3.15089228060595,484.5,338.975,614.025,275.05,0,0
486,"JM Kemp",66,3.01992150497844,2.82266015318297,3.22172007437853,484,256.9,684.025,427.125,0,0
487,"JN Loftie-Eaton",47,3.01837895040057,2.75517995455988,3.39310769090129,504,121.975,723,601.025,0,0.002
488,"LK Germon",31,3.01781379930746,2.79764738874083,3.24153599054324,486.5,241.85,692.075,450.225,0,0
489,"Ayaan Khan",37,3.01735503811644,2.81776983909362,3.21787296133806,489,263.975,678.025,414.05,0,0
490,"JP Duminy",178,3.01701501486261,2.85374040952218,3.18972025785133,488.5,291.975,659.05,367.075,0,0
491,"Zaheer Abbas",60,3.01659957623378,2.84168938429158,3.22388794854829,491.5,270.925,665.05,394.125,0,0
492,"G Gambhir",143,3.0164791295865,2.89870644699891,3.13130806158641,489,350.975,615,264.025,0,0
493,"AJ Strauss",125,3.01563240009312,2.8921213231819,3.14007766027154,490,352.975,620.025,267.05,0,0
494,"KR Mayers",26,3.01483855754489,2.79439720902322,3.22876277149965,492.5,261.9,705,443.1,0,0
495,"M Theekshana",31,3.01472836618686,2.74746695951689,3.29308020625721,490,219.725,727,507.275,0,0
496,"GS Chappell",72,3.01315286148903,2.86015138701609,3.18131682170018,494,307,652.025,345.025,0,0
497,"GJ Whittall",141,3.01030627857328,2.88186166730335,3.14856534973947,495,341.975,637,295.025,0,0
498,"PA Strang",72,3.0102987283336,2.86465909109079,3.16818378955684,497.5,318.975,645,326.025,0,0
499,"Ahmed Raza",41,3.00615212166678,2.81384735342953,3.21551204916901,503.5,266.975,687.075,420.1,0,0
500,"N Vanua",53,3.00475678925431,2.81778068662516,3.19539992116195,501,294,689.025,395.025,0,0
501,"SO Tikolo",130,3.00461218865444,2.87119136413461,3.14025903025766,502.5,351.925,642,290.075,0,0
502,"SD Hope",140,3.00450689713987,2.85989425475196,3.16108828458083,505,318.975,649,330.025,0,0
503,"A Kumble",133,3.00423167127172,2.82529372044991,3.17991770682792,503.5,305.975,680.025,374.05,0,0
504,"GC Smith",194,3.00344363901783,2.8956347275599,3.11956535338993,506,370.975,617,246.025,0,0
505,"DPMD Jayawardene",418,3.00137037346423,2.88521720735825,3.11267287303237,504.5,383.975,631,247.025,0,0
506,"GC Wilson",98,3.00124103444193,2.86405015212964,3.13547996710296,502,356.975,647,290.025,0,0
507,"CJ Nevin",36,3.00066063539351,2.82253294934707,3.21798929438788,510.5,275.95,684.025,408.075,0,0
508,"WA Young",48,2.99934108456973,2.79885609845951,3.22640294540235,509,261,702.025,441.025,0,0
509,"SSJ Brooks",29,2.99851041354,2.76543730979639,3.30798700095958,521,181.95,724.025,542.075,0,0
510,"Aarif Sheikh",52,2.99770454819099,2.79884599952881,3.29044452789357,523,208.9,701,492.1,0,0
511,"RR Sarwan",168,2.99702417187461,2.88489172178707,3.11010302266457,512.5,370.95,630.025,259.075,0,0
512,"Khawar Ali",29,2.99648256935943,2.75350977812419,3.28558304171391,517.5,205.975,729,523.025,0,0
513,"Asghar Afghan",108,2.99465819267573,2.84503882626635,3.14662853141936,515,336.975,659,322.025,0,0
514,"Abdullah Shafique",27,2.99425372777457,2.77238610313122,3.23835321268275,520.5,248.975,716.05,467.075,0,0
515,"MN Waller",72,2.99388659494811,2.82446609605035,3.14881561714189,513.5,338,682.05,344.05,0,0
516,"DA Marillier",41,2.99332024943674,2.7872784612624,3.25364700971787,521,232.875,714.075,481.2,0,0
517,"Inzamam-ul-Haq",350,2.99152692425191,2.89214183820951,3.09942615328184,517,408.95,620,211.05,0,0
518,"IJL Trott",65,2.99067697741639,2.84590015142509,3.1456930072004,516,342.975,663.025,320.05,0,0
519,"MN Samuels",195,2.9903098857202,2.85738950046895,3.12798478042358,517.5,358.975,660,301.025,0,0
520,"JEC Franklin",79,2.98724096076415,2.79093283267702,3.21797413919186,530,273.975,711.025,437.05,0,0
521,"HJH Marshall",62,2.98681525578592,2.8203179706195,3.18314216587196,526,300.8,688.05,387.25,0,0
522,"NK Patel",35,2.98591097190807,2.7681734425615,3.24889347750985,531.5,241.85,716.025,474.175,0,0
523,"C White",40,2.98232601781553,2.7879255413904,3.18602815493017,532,309.975,703.1,393.125,0,0
524,"MA Vermeulen",43,2.98210430617298,2.79064735079527,3.2099406243729,530,279.975,702.025,422.05,0,0
525,"Saeed Anwar",242,2.98196472338233,2.87497616901926,3.08795266588883,530,403.975,639.025,235.05,0,0
526,"GP Thorpe",77,2.98193180323526,2.84374859344221,3.12086415288844,529,374.975,658,283.025,0,0
527,"Azhar Ali",53,2.98144846893578,2.82256132662732,3.15249725855636,535,339,683,344,0,0
528,"SM Katich",42,2.9795008995654,2.7842685658692,3.21268996077304,538,274,712,438,0,0
529,"Alok Kapali",66,2.97945645480779,2.7889873772701,3.19476665312444,541,288.975,701.025,412.05,0,0
530,"RD Jacobs",110,2.97941000582005,2.81736224207358,3.15082694991058,533,332.975,692.025,359.05,0,0
531,"MW Gatting",88,2.9792471878424,2.81815371551984,3.15598648470424,534,333.925,689.025,355.1,0,0
532,"Mohammad Wasim",36,2.97903450673475,2.66480354713225,3.44386145967389,559,87.975,769.025,681.05,0,0.002
533,"Imam-ul-Haq",74,2.97901828257877,2.83696147369922,3.13329030236336,532.5,358,667,309,0,0
534,"IH Romaine",34,2.97828115534132,2.75584298284376,3.22373003128269,540.5,265.975,723.025,457.05,0,0
535,"SC Williams",214,2.97817495756706,2.86815750713058,3.08612089697669,534,400,644,244,0,0
536,"SP Fleming",269,2.97706022037596,2.86587319726037,3.08909883855646,533,403,649.05,246.05,0,0
537,"Mohammad Yousuf",273,2.97701378170748,2.85524589140989,3.10726173847739,534,380.95,655,274.05,0,0
538,"RR Patel",34,2.97416060988676,2.68737432579071,3.40115990211447,557.5,113.95,755.025,641.075,0.001,0.004
539,"PR Stirling",162,2.97370765664313,2.85366871960783,3.1046344865501,538.5,393,656,263,0,0
540,"WJ Cronje",175,2.97214824233796,2.83832493530237,3.13230700670206,542,362.975,669.075,306.1,0,0
541,"PM Seelaar",37,2.97086207909726,2.7408635482345,3.2346614455898,544.5,258.875,732,473.125,0,0
542,"JN Rhodes",218,2.97050453642628,2.80352932575785,3.15565064315508,542,329.925,705.025,375.1,0,0
543,"Rahmanullah Gurbaz",52,2.96954477482492,2.77524779256027,3.19724866290041,544,281,716.05,435.05,0,0
544,"WIA Fernando",50,2.96815575646768,2.77479199057698,3.15867023379684,544,329.975,714,384.025,0,0
545,"MA Ealham",45,2.96791032180189,2.7506108294882,3.17137812361453,547,319.95,722.025,402.075,0,0
546,"CN Evans",47,2.96658657604824,2.75542836965552,3.1690840361549,543.5,314.9,730.05,415.15,0,0
547,"Asif Mujtaba",55,2.96616594687751,2.78490198817895,3.14646465128562,548,343.975,702.025,358.05,0,0
548,"CB Wishart",82,2.9658787471261,2.82254497092885,3.11031369003979,550,378,679,301,0,0
549,"AM Samad",27,2.96545433339511,2.75749598190858,3.17639911762938,545.5,306.975,728.025,421.05,0,0
550,"CS MacLeod",86,2.96440268598479,2.8101461296924,3.10513549083746,547,384.975,691,306.025,0,0
551,"AN Cook",92,2.96435239981107,2.82573870302168,3.11120777859076,549,384,672.05,288.05,0,0
552,"PD Collingwood",181,2.96396334094395,2.85128420426297,3.08130460086391,552,405,663,258,0,0
553,"P Nissanka",71,2.96356352587075,2.79569065871874,3.18457980941333,559,297.975,700.05,402.075,0,0
554,"JA Rudolph",39,2.96300352388222,2.77572778565936,3.18831780256184,557,296.975,714.025,417.05,0,0
555,"JR Thomson",30,2.9624757752469,2.67793093433972,3.28170923920253,557,213.975,762.05,548.075,0,0
556,"RG Twose",80,2.96235797672752,2.82172976573407,3.10773299235812,553,384.95,683,298.05,0,0
557,"LPC Silva",62,2.96220594584162,2.79306312365432,3.1337643019492,549,361,701.025,340.025,0,0
558,"SF Mire",46,2.96152728344638,2.80268610986569,3.12339055881757,553,367.975,696,328.025,0,0
559,"ML Hayden",155,2.96071710889739,2.83418283447456,3.09010378849827,554,401.95,673.025,271.075,0,0
560,"L Vincent",99,2.96048713092922,2.79533206051881,3.13791370596077,557,351.875,699.025,347.15,0,0
561,"Wasim Raja",45,2.96030029274055,2.76773164694099,3.17958247967245,560,307,722.025,415.025,0,0
562,"D Mongia",51,2.96018063092576,2.7617950018463,3.14986187403546,553,346.9,714,367.1,0,0
563,"CR Ervine",124,2.95950734536528,2.82867730624902,3.099038715324,553,395.95,672,276.05,0,0
564,"DP Viljoen",41,2.9594914965133,2.71060356926657,3.22535660878823,559,265.975,751.025,485.05,0,0
565,"Naeem Islam",50,2.95822723453417,2.74991688934409,3.18643922360737,556.5,304,735.025,431.025,0,0
566,"T Taibu",137,2.95792977634116,2.81986809966791,3.09816403931395,554,397.95,687.025,289.075,0,0
567,"AM Rahane",87,2.95774542063167,2.81465541527009,3.11971274682709,558,368.95,682.075,313.125,0,0
568,"Sikandar Raza",144,2.95721294675131,2.78968329047677,3.12610704373674,558,359.975,704.025,344.05,0,0
569,"HDRL Thirimanne",105,2.95609097428821,2.82749000726456,3.10067066108386,562,396.975,677.025,280.05,0,0
570,"PA de Silva",296,2.95595756173982,2.85659102723582,3.06992136821138,561,428.975,649,220.025,0,0
571,"NN Odhiambo",50,2.95572389928163,2.77468839699285,3.14714744288456,558,335.975,710.075,374.1,0,0
572,"GA Hick",118,2.95376154674148,2.8235348012304,3.0852912570008,562,406.85,675.025,268.175,0,0
573,"Mohammad Hafeez",216,2.95362055075996,2.83419910741361,3.08817318837446,560,418.95,681,262.05,0,0
574,"JF Mooney",55,2.95353863773028,2.72092105550273,3.18759586321461,563,285,747.025,462.025,0,0
575,"MC Snedden",51,2.95335257866407,2.73723521043445,3.1607378791119,565,315.95,733.05,417.1,0,0
576,"SG Law",50,2.95260194019893,2.79591672333092,3.11158068011613,561.5,373,704,331,0,0
577,"TN de Grooth",32,2.95248203545973,2.7402914931148,3.17703271027601,560,305.95,737,431.05,0,0
578,"ME Trescothick",122,2.95232520461782,2.81692332290207,3.0908566013092,564,403.975,683.075,279.1,0,0
579,"PA Patel",34,2.95228943909134,2.76155661433048,3.16673168322734,566,323.925,722.025,398.1,0,0
580,"RT Ponting",364,2.95088464590892,2.85189727208587,3.04634295462266,563,447.975,655,207.025,0,0
581,"A Vala",66,2.95019498903149,2.78839789773993,3.13415503973102,566,360.975,710,349.025,0,0
582,"NH Fairbrother",71,2.94673014123282,2.7954622674986,3.10263657942761,570,390.825,696.025,305.2,0,0
583,"JG Bracewell",43,2.94637281341014,2.75424692917664,3.17831848089729,579.5,302.95,730,427.05,0,0.001
584,"AJ Stewart",162,2.94592192257088,2.82338909452507,3.06651100537189,568,429.95,678.025,248.075,0,0
585,"A Flintoff",122,2.94537832751769,2.78312826082502,3.11769549339309,567,374.975,708.025,333.05,0,0
586,"DM Jones",161,2.94495679927189,2.80273028590029,3.09004242960852,573,399.975,694.025,294.05,0,0
587,"JE Emburey",45,2.94291370651625,2.70372170124018,3.18907924797744,576,300.95,747,446.05,0,0
588,"RIC Holder",31,2.94268866900358,2.73530901692568,3.15162471705041,571,337.875,736.025,398.15,0,0
589,"ZE Green",44,2.9425609868658,2.75121437683819,3.12712275198591,570,358.975,729.025,370.05,0,0
590,"JDP Oram",116,2.939371923932,2.75447792015794,3.14185490582882,581,346.8,727.075,380.275,0,0
591,"FDM Karunaratne",46,2.93839070752989,2.74028973320066,3.14607176085283,581.5,342,736.025,394.025,0,0
592,"KU Carty",40,2.93791763383022,2.75281451721337,3.13036278493165,584.5,364,724.025,360.025,0,0
593,"Vikramjit Singh",45,2.93756722676433,2.70799910529636,3.27473885053397,593,223.925,754.05,530.125,0,0
594,"Ahmed Shehzad",81,2.93756373944084,2.77365545152585,3.09774015772798,579.5,401.925,719,317.075,0,0
595,"ME Waugh",236,2.93618998085331,2.80893590990938,3.07096358624142,579,432.925,695.025,262.1,0,0
596,"VG Kambli",97,2.93548775233739,2.77163634150406,3.10138539072769,577,388.975,719,330.025,0,0
597,"W Madhevere",37,2.93543834920418,2.71532526765561,3.21984103687437,591,262.975,750,487.025,0,0
598,"W Barresi",54,2.93209687954377,2.75580429809115,3.11880531697077,587.5,369,728,359,0,0
599,"MG Erasmus",62,2.93171424399325,2.76851826128368,3.08422621408987,583,404.975,716.025,311.05,0,0
600,"MD Patel",66,2.93127815984961,2.77079098966686,3.08291809122963,583,409.7,716,306.3,0,0
601,"DL Houghton",60,2.93044513021427,2.75936168692892,3.11156102475001,587,372.9,726,353.1,0,0
602,"DLS van Bunge",31,2.93043793006153,2.70380954917869,3.19302233727924,595.5,295.85,753.025,457.175,0,0
603,"WU Tharanga",223,2.9299953265478,2.79647317051005,3.0800703350729,586.5,417.975,703.025,285.05,0,0
604,"KH Prajapati",36,2.92827673472621,2.73009605050655,3.12668585937929,588.5,367.975,737,369.025,0,0
605,"RR Watson",35,2.92802773277089,2.74302024343676,3.14849782788423,594.5,331.975,732.025,400.05,0,0
606,"RK Paudel",68,2.92773387362807,2.74789789519117,3.1479978883665,600.5,347.95,728.05,380.1,0,0
607,"ADS Fletcher",25,2.92607049531276,2.68335003837365,3.16981849136045,591,310.9,759,448.1,0,0
608,"MO Odumbe",59,2.92103238447812,2.75371688033395,3.09504546420222,598.5,394.975,729.025,334.05,0,0
609,"SM Gavaskar",102,2.92094022557219,2.76689271488091,3.10271927041307,600,384.95,724,339.05,0,0
610,"LMP Simmons",65,2.92079746455895,2.75699300935971,3.10883638237395,597,395.85,724.025,328.175,0,0
611,"Zeeshan Maqsood",47,2.91972454701922,2.68441028778394,3.17596590219169,600.5,318.85,764,445.15,0,0
612,"CM Spearman",50,2.91848632393735,2.71730203602222,3.12200670548963,603,364.95,747,382.05,0,0
613,"Asad Shafiq",58,2.91848541880684,2.76703164240103,3.07760495971225,600,411.975,722.025,310.05,0,0
614,"Aaron Jones",52,2.91737597342861,2.74416891880383,3.11856421966579,603,380,731.05,351.05,0,0
615,"Hashmatullah Shahidi",91,2.91557585168383,2.7719638713325,3.05395551823989,601,442,714.025,272.025,0,0
616,"JJ Roy",110,2.91221290056225,2.76244926344841,3.05511046705046,603.5,441.95,724.025,282.075,0,0
617,"R Mutumbami",34,2.91038223288807,2.71333866853823,3.13303335165046,611.5,365.925,749.025,383.1,0,0
618,"SA Thomson",51,2.91034694416095,2.73489124228979,3.14341558232775,611,336.925,736.025,399.1,0,0
619,"S Chanderpaul",251,2.90859870677068,2.79846913574314,3.01412466432157,606,486.95,698,211.05,0,0
620,"CO Obuya",89,2.90629255914937,2.73885247616469,3.06740896364379,610,428.95,738,309.05,0,0
621,"DW Hookes",36,2.90303234838201,2.70570623664149,3.1136812667315,615.5,382.95,751,368.05,0,0
622,"DI Gower",111,2.90268905072914,2.77069946085402,3.04350229216373,615,456.975,718,261.025,0,0
623,"MP O'Dowd",64,2.90136154962968,2.75073248366124,3.05968393943902,615,432,729.025,297.025,0,0
624,"CJ Chibhabha",109,2.90040822118891,2.74813615326699,3.04472358518311,615,459.975,732,272.025,0,0
625,"J Mubarak",37,2.89831154812753,2.69182138609619,3.09889149173654,619.5,400.875,756,355.125,0,0
626,"RMH Binny",46,2.8965265143462,2.72545958080033,3.07587517257174,622.5,405.975,745.025,339.05,0,0
627,"SE Marsh",72,2.89643781028116,2.74682924283961,3.0403556065049,620,462,731.025,269.025,0,0
628,"DM Bravo",116,2.89635199207039,2.76181281211744,3.04851398370981,622,458.875,723.025,264.15,0,0
629,"Yashpal Sharma",40,2.89565267903738,2.68706100100893,3.11086584131123,619,370.95,762,391.05,0,0
630,"Younis Khan",253,2.89558151121493,2.7734163834149,3.04362047890894,623,463,722.025,259.025,0,0
631,"Mohammad Ashraful",169,2.89408979001087,2.76460401037624,3.02710946409531,624,479.95,724,244.05,0,0
632,"SJ Modani",34,2.89385238465204,2.63968713318943,3.18112440226225,631,304.8,776,471.2,0,0.001
633,"NT Broom",39,2.89301273256053,2.70429971441111,3.08758344758481,625,403.85,753.025,349.175,0,0
634,"DS Smith",45,2.89183370365975,2.70960521289535,3.0729130639511,620,426.95,747.025,320.075,0,0
635,"OA Shah",65,2.89155272338314,2.75746460981236,3.04137374252237,626,457,725.025,268.025,0,0
636,"ES Szwarczynski",40,2.89106544300666,2.70036763038306,3.08076215112631,623,416,752.05,336.05,0,0
637,"RC Irani",30,2.89102765064764,2.63977818440259,3.15720250346776,628,319,776.025,457.025,0,0
638,"AR White",46,2.8908041847034,2.71642974728929,3.07625300503139,624,421.975,745,323.025,0,0
639,"CJA Amini",49,2.89024396190815,2.71671834244706,3.07594791121352,628.5,422.95,745,322.05,0,0
640,"Saleem Elahi",47,2.88761592582585,2.72062704472377,3.08003894098836,630,414,745.05,331.05,0,0
641,"DJ Cullinan",133,2.88685857357762,2.75581396418828,3.01623357004126,627,490.95,729.025,238.075,0,0
642,"K Bhurtel",62,2.8865141486924,2.69559981337349,3.11307401990193,635,383.975,754,370.025,0,0
643,"SR Waters",20,2.88543820152123,2.57139413324509,3.25951788597141,644,233.9,792.075,558.175,0,0.002
644,"V Aravind",63,2.88489958776738,2.68976064863901,3.09648786044246,635,386.95,756,369.05,0,0
645,"JN Frylinck",44,2.88482143261786,2.63151371719052,3.22485883257136,646,256.825,777.075,520.25,0,0
646,"HH Dippenaar",95,2.8845701648177,2.74576573596345,3.02714459543989,634,476,732.025,256.025,0,0
647,"Samiullah Shinwari",74,2.88455942826615,2.73830319257584,3.03860032582093,632.5,465.95,737,271.05,0,0
648,"GM Hamilton",38,2.88403755985966,2.68712132510406,3.13091349397778,638,370.725,766,395.275,0,0
649,"EC Joyce",77,2.88366587557665,2.7279816271097,3.03946600087559,632,466.95,741.025,274.075,0,0
650,"MJ Greatbatch",82,2.88332399410206,2.71660027898588,3.0596376677427,634.5,449.8,748,298.2,0,0
651,"MH Cross",96,2.88172251257253,2.74221334799771,3.0356877128006,637,467.925,738,270.075,0,0
652,"DW Randall",45,2.87939630710355,2.70938322141996,3.06550751605684,641,432.975,751,318.025,0,0
653,"Khaled Mashud",108,2.87839378003592,2.72734870954605,3.03561627496118,638,468,736.075,268.075,0,0
654,"CG Greenidge",127,2.87371816878924,2.74508504054457,3.01421972637237,644,493.975,732,238.025,0,0
655,"GM Turner",40,2.87371152154311,2.69095861705642,3.07133592385931,644,434.875,757.025,322.15,0,0
656,"M Prabhakar",97,2.87286542767955,2.71874454882221,3.04451222839725,643,460.975,744.05,283.075,0,0
657,"Nawroz Mangal",48,2.87166954691752,2.68306515487592,3.09962613193207,652,392.975,760,367.025,0,0
658,"PK Amre",30,2.87045093054463,2.63328306474657,3.1298941096236,648,359.9,779,419.1,0,0
659,"PJ Moor",43,2.86919416773686,2.66510871195954,3.09598363340963,648,402.95,763.025,360.075,0,0
660,"Nasir Jamshed",48,2.86805279037052,2.68821996141744,3.04564113789369,648,450,754,304,0,0
661,"VS Solanki",46,2.86694531716388,2.68365106956893,3.058875084927,645,441.925,760,318.075,0,0
662,"A Ranatunga",253,2.86670973517402,2.71205958679986,3.02889284452726,647,484.925,749,264.075,0,0
663,"RR Hendricks",38,2.86581092045335,2.66388036568008,3.07974357374152,652.5,424.95,763.025,338.075,0,0
664,"MP Vaughan",82,2.86479024756552,2.71786533249173,3.04007095890984,652,457,748.025,291.025,0,0
665,"DB Vengsarkar",120,2.8647879307486,2.72999157411552,2.99676273306346,647,515.95,739.05,223.1,0,0
666,"Imrul Kayes",78,2.86456203845645,2.70883169923798,3.02694174631933,651,481.925,751,269.075,0,0
667,"NJ O'Brien",101,2.8641087970259,2.73539855952417,3.00425645608156,651.5,515.95,737,221.05,0,0
668,"JD Ryder",41,2.86327558893075,2.6413923446132,3.0921718427576,654,381.95,774.05,392.1,0,0
669,"XM Marshall",37,2.86232019556469,2.63455849695994,3.11721088707431,651,375,779,404,0,0
670,"PN Kirsten",40,2.8617701724465,2.54306492909134,3.39180311894011,678,132.975,801,668.025,0,0.003
671,"SV Manjrekar",69,2.86156965306061,2.71920948525487,3.025873524878,653,487.95,748,260.05,0,0
672,"RD Berrington",125,2.86064925436347,2.69691151252326,3.01783931644268,651,495.925,756,260.075,0,0
673,"GS Blewett",30,2.85854931801608,2.6329100976713,3.08339846534275,653,417.975,780,362.025,0,0
674,"A Jadeja",179,2.85804347961023,2.67162770043134,3.0486934689939,655,456.975,765.025,308.05,0,0
675,"Salman Butt",77,2.85659307998077,2.67555652464509,3.05458671629007,660,447.975,761,313.025,0,0
676,"SV Carlisle",107,2.85348379255568,2.71609389523971,3.00755109622062,660.5,500.975,749.025,248.05,0,0
677,"GM Ritchie",42,2.85252450682548,2.65153099717534,3.07326726788198,660.5,413.975,772,358.025,0,0
678,"JJ Smit",48,2.85239539053399,2.66831768526651,3.03950679008462,659,463.9,772,308.1,0,0
679,"Imran Farhat",58,2.85020218914685,2.70077189164945,3.01368709370465,664,499.9,753,253.1,0,0
680,"MJR Rindel",22,2.84990263542816,2.60170457634259,3.14137253519821,665,335.925,787.025,451.1,0,0
681,"GW Flower",212,2.84910138742076,2.73829418012557,2.97406071733082,664,542.975,734.025,191.05,0,0
682,"BA Young",73,2.84902296378103,2.69336797961828,3.00620440085201,664,495.875,755,259.125,0,0
683,"Najmul Hossain Shanto",57,2.8481413328845,2.66766289142862,3.05329080298754,669,443.7,762.05,318.35,0,0
684,"GP Howarth",65,2.84789501074178,2.67571937951086,3.06698871377372,672,440.875,763,322.125,0,0
685,"B Zuiderent",56,2.84753120764488,2.67506629319937,3.03497254052516,667,473.975,763,289.025,0,0
686,"G Malla",37,2.84639261504125,2.65674021863219,3.06301466136931,667,433.975,769.025,335.05,0,0
687,"DO Obuya",73,2.84595851212963,2.67970159382827,3.02717555841362,667.5,479.875,761.025,281.15,0,0
688,"H Masakadza",208,2.84555824892549,2.73426921176573,2.95499218253764,665,566.975,737.025,170.05,0,0
689,"KR Rutherford",115,2.84482682382469,2.69552378830921,3.00392116312966,668,516.925,755,238.075,0,0
690,"ADR Campbell",184,2.84469698130998,2.73897379080276,2.9670338887883,668,550,741,191,0,0
691,"Aamer Sohail",155,2.83897137815898,2.72456961136813,2.9609071208808,671,560.95,743,182.05,0,0
692,"RM Haq",40,2.83758789091847,2.63838567791528,3.04605700288112,672,462.925,778,315.075,0,0
693,"SC Ganguly",300,2.83500051683722,2.73443049435851,2.94290280018082,674,574.95,735,160.05,0,0
694,"G Kirsten",185,2.83430113444599,2.71839985892986,2.94614816260895,675,580.975,742.025,161.05,0,0
695,"HP Tillakaratne",167,2.83315491285159,2.71874270045013,2.93903476907778,675,578.975,746.025,167.05,0,0
696,"KJ Hughes",87,2.83205026665337,2.67274364275644,2.98642945922805,675.5,522.975,765.025,242.05,0,0
697,"ND McKenzie",55,2.8308685352635,2.66975005097191,3.00536762272177,677.5,510.975,765,254.025,0,0
698,"N Hussain",87,2.82877977783768,2.67207199634888,3.0005939872161,679,505.925,766,260.075,0,0
699,"JH Davey",29,2.82826080311401,2.58160097059978,3.13535194659238,687,357.875,791.025,433.15,0,0
700,"Tushar Imran",40,2.82822107281464,2.58727881179277,3.08299964129281,683,404.95,791,386.05,0,0
701,"Al Sahariar",29,2.82637470323343,2.59361726702754,3.07118745332881,684,423.875,787.025,363.15,0,0
702,"PG Fulton",46,2.82547514298724,2.66081156913855,2.99222730728494,682,521.975,766,244.025,0,0
703,"AO Suji",46,2.82481833819695,2.63006134318488,3.01970853088549,685,483.95,779,295.05,0,0
704,"Shahriar Nafees",75,2.82474666848366,2.64232011985457,3.0411022329668,688.5,452.875,776,323.125,0,0
705,"DA Gunawardene",61,2.82405906903512,2.66292824401175,2.99124633400172,682,521,768.025,247.025,0,0
706,"MW Goodwin",70,2.82163514202456,2.6764134130042,2.97664765152417,686,520,766.025,246.025,0,0
707,"SHT Kandamby",36,2.81949896538297,2.60356681514986,3.05691886985146,687,440.85,788.025,347.175,0,0
708,"R Dravid",318,2.81781493642737,2.71038374832717,2.93475508423323,687,585.975,746,160.025,0,0
709,"RJ Shastri",128,2.8162929683797,2.6944853742332,2.94082112320819,690,573.875,756,182.125,0,0
710,"M Amarnath",75,2.81546781685648,2.64600833550436,2.99093507777485,690,520.95,772,251.05,0,0
711,"L Louwrens",25,2.81477634132552,2.58436489006435,3.08790450874862,694.5,400.925,792,391.075,0,0
712,"MD Gunathilaka",46,2.81303364314799,2.58691518103662,3.03010328154187,693,470.975,790,319.025,0,0
713,"H Hiri",34,2.80716164403425,2.60432518687393,3.01251268171756,696,494.875,786.025,291.15,0,0
714,"SB Smith",23,2.80428975067843,2.56873817390221,3.08997921858349,701.5,409.925,795,385.075,0,0
715,"AP Gurusinha",143,2.80428161272486,2.68414471753635,2.93400937151667,696.5,591.975,761,169.025,0,0
716,"K Srikkanth",145,2.79947056349712,2.67125568513896,2.92794743959196,700,593,765.025,172.025,0,0
717,"MS Atapattu",259,2.79930624646886,2.67784751152741,2.91619876189092,701,603,763.05,160.05,0,0
718,"HS Modi",56,2.79895647077247,2.62968600002228,2.97079953779348,700,537,780.025,243.025,0,0
719,"JV Coney",80,2.79582071556817,2.59161024045506,2.98431008257757,703,523.95,788.025,264.075,0,0
720,"Taufeeq Umar",22,2.7941973687498,2.53621836906815,3.06753317537329,704.5,425,800,375,0,0
721,"Aminul Islam",39,2.79175628052143,2.6002116878198,3.01518084152028,707,493.975,788,294.025,0,0
722,"PL Mommsen",42,2.79063067784367,2.57529314631341,3.02612217432596,708,479.975,792.025,312.05,0,0
723,"RW Chakabva",57,2.78897621200297,2.62667166610378,2.95459462488412,706,555,780,225,0,0
724,"Rohan Mustafa",75,2.78816999205575,2.61986217912517,2.9667898027639,711,552.9,781,228.1,0,0
725,"RT Latham",33,2.78430132428121,2.50218379766335,3.28360590055447,732,201.975,804.025,602.05,0,0.002
726,"RL Dias",55,2.77743204424958,2.60211970039713,2.96426902810732,718,543.925,788,244.075,0,0
727,"NJ Astle",217,2.77445004581058,2.65453909281359,2.89488164168341,717,625,767,142,0,0
728,"MJ Horne",48,2.77287098763485,2.5867500619017,2.95722500315055,719,553,791,238,0,0
729,"HA Gomes",64,2.76999165453469,2.61998693028197,2.9519895594751,721,562.9,784,221.1,0,0
730,"JR Murray",36,2.76971299898791,2.53332359335581,3.00789856493938,718,496.85,800.025,303.175,0,0
731,"VVS Laxman",83,2.76483908607825,2.60773562204647,2.96692930032199,725,538.975,787.05,248.075,0,0
732,"WW Hinds",110,2.76133089338173,2.60261933525893,2.93877675716426,726,586,788.025,202.025,0,0
733,"CP Rizwan",39,2.75886639313623,2.52945440905006,3.01200761461181,727,492.95,801.025,308.075,0,0
734,"AH Omarshah",28,2.75876654638868,2.54324476959317,2.99557467606574,730,515,799,284,0,0
735,"MA Ouma",77,2.75550246531167,2.59539329942334,2.91716254341746,729,599.9,787.025,187.125,0,0
736,"DC Boon",177,2.75488541079991,2.62643538489046,2.87486909777085,729,643,779,136,0,0
737,"JE Root",175,2.75256180487193,2.589467513037,2.91777632302898,729,597.975,787,189.025,0,0
738,"NFI McCallum",42,2.75133378329486,2.56351952491164,2.95748435315661,730,564.85,796,231.15,0,0
739,"AH Jones",87,2.74964711234144,2.57136076120231,2.9676392297044,734,551,794,243,0,0
740,"NV Knight",100,2.74791759504152,2.61037476772335,2.89659071905689,733,626.975,785,158.025,0,0
741,"GA Gooch",122,2.74584313085276,2.61898983388478,2.88387052714119,732.5,636,783.025,147.025,0,0
742,"SL Campbell",87,2.74315699450562,2.5963377271462,2.90081944294952,734,622,788.025,166.025,0,0
743,"NC Johnson",48,2.74272192728938,2.57788801705473,2.92362001749705,737,588.975,790,201.025,0,0
744,"RS Mahanama",196,2.74014057148988,2.6337945533343,2.85547821568748,736,659.95,778,118.05,0,0
745,"Noor Ali Zadran",50,2.73912985736502,2.57738414025719,2.89773390194386,737,613,793,180,0,0
746,"GM Wood",77,2.7381035874932,2.58132490007942,2.9073140582804,738,614.925,792.025,177.1,0,0
747,"DD Ebrahim",76,2.73694707850328,2.55551910844168,2.95820858854536,741,555,797,242,0,0
748,"Akram Khan",43,2.73276535916693,2.5632366114317,2.91463257931019,740,599.95,796,196.05,0,0
749,"PV Simmons",138,2.73098219168372,2.6051229556088,2.86016039814899,741,657,784,127,0,0
750,"RS Madugalle",56,2.73023831488872,2.57713675383756,2.89639555968201,742,619.95,793.025,173.075,0,0
751,"Chirag Suri",37,2.72917084788238,2.5385187199294,2.95383747496649,743.5,568.975,801,232.025,0,0
752,"AC Hudson",88,2.72742849587773,2.58879924913903,2.87338839738066,743,645.85,790,144.15,0,0
753,"Rahmat Shah",120,2.72545414604856,2.59697954152874,2.86292416176274,743,656.925,787,130.075,0,0
754,"S Ramesh",24,2.72496227712779,2.47451761439281,3.05967405486064,747,440.925,808,367.075,0,0
755,"JP Kotze",26,2.71864991574479,2.48634253894226,2.96964647911436,745,538.95,808,269.05,0,0
756,"A Flower",207,2.71805842155081,2.5567271079281,2.8727800773556,746,643,796,153,0,0
757,"MAR Samarasekera",39,2.712105122573,2.51129772031069,2.91766512402243,749,596,803,207,0,0
758,"T Duffin",23,2.70989316026453,2.45304561278276,2.98456685710682,752,528,809,281,0,0
759,"D Ganga",34,2.70647708231812,2.48227925820471,2.94287694533775,753,572,806,234,0,0
760,"V Sibanda",125,2.70382979204996,2.55156408118786,2.87239148175963,754,644,798,154,0,0
761,"WTS Porterfield",145,2.70332748019937,2.55777615179725,2.84377161009518,753,668.975,795.025,126.05,0,0
762,"DL Haynes",237,2.70278584407531,2.5772317537886,2.81997661293726,753,687.975,793,105.025,0,0
763,"Habibul Bashar",104,2.70213569402204,2.57045187991027,2.8477309938499,754,669.95,796,126.05,0,0
764,"RS Morton",51,2.6990054857956,2.52870907594999,2.8680918072687,756,643.7,802,158.3,0,0
765,"Raqibul Hasan",56,2.69685214872586,2.5306822334095,2.88460559738098,758,628.95,801,172.05,0,0
766,"S Bau",57,2.69599067095681,2.53788399664971,2.86917118566952,757,646.975,801,154.025,0,0
767,"DF Watts",34,2.68882487303429,2.50243641257499,2.90319491805138,760,618.975,805,186.025,0,0
768,"MS Sinclair",50,2.68379273337779,2.49555157743926,2.89364602144496,763,616.975,806,189.025,0,0
769,"JK Kamande",71,2.68207964896961,2.50917222861042,2.85206546390155,761,662.925,805,142.075,0,0
770,"NS Sidhu",126,2.67988854572852,2.55323363887021,2.81291858691637,763,696.975,796,99.0250000000001,0,0
771,"KC Wessels",105,2.67949531556606,2.53042144831073,2.8323578574515,763.5,680.975,802,121.025,0,0
772,"MJ Slater",42,2.67831485080757,2.48336496932796,2.90573620860746,765,614,807.025,193.025,0,0
773,"MA Atherton",54,2.67387250030909,2.5065589118263,2.8537377428544,766,666.975,804,137.025,0,0
774,"JR Ratnayeke",69,2.67010541293537,2.47116929638729,2.85911622253324,766,656,807,151,0,0
775,"Yasir Hameed",56,2.66649569147072,2.50410497631146,2.85438116326641,770,662.975,806,143.025,0,0
776,"A Balbirnie",110,2.66459365728516,2.48703748779196,2.83131384769131,767,678.975,806,127.025,0,0
777,"RA Smith",70,2.66159212158115,2.51520720396776,2.81194095022507,770,694,802.025,108.025,0,0
778,"R Lamba",31,2.65829758579012,2.47157504456102,2.86893847792901,771,638.975,808,169.025,0,0
779,"RB Richardson",217,2.64844033417034,2.50436337710326,2.80981060840969,774,696.975,805,108.025,0,0
780,"JH Kallis",314,2.64662887201774,2.51391897594379,2.77666551985177,774,720.975,803,82.025,0,0
781,"MA Taylor",110,2.64015384571381,2.49683134691858,2.78476557365906,778,716.95,805,88.05,0,0
782,"MD Crowe",140,2.63454346589212,2.45390808224182,2.82246358199458,780,679.975,809,129.025,0,0
783,"UC Hathurusingha",33,2.62923156881332,2.40929833554721,2.87485190513278,780,631,811.025,180.025,0,0
784,"Ramiz Raja",196,2.62575914355859,2.51580715770295,2.73715146151949,781,740,804,64,0,0
785,"Javed Ahmadi",44,2.62526129497739,2.41652985316559,2.83805536801919,782,671.975,811,139.025,0,0
786,"PA Wallace",33,2.61790423272889,2.42774314137194,2.82709242734503,785,682.975,811,128.025,0,0
787,"Jatinder Singh",60,2.61718033004995,2.39315187578998,2.8240992834159,783,680.95,812,131.05,0,0
788,"RT Robinson",26,2.6160460115747,2.39425070176089,2.84400488004631,783.5,664.975,812,147.025,0,0
789,"G Fowler",26,2.60943831705971,2.38334053769659,2.85888422285883,787,654.75,813,158.25,0,0
790,"BM Laird",23,2.60541058438415,2.37440263199873,2.8473527970448,787,662.875,813,150.125,0,0
791,"Mudassar Nazar",115,2.60492888908108,2.47222673935668,2.75488714405104,787,726,808,82,0,0
792,"G Boycott",34,2.60129519872539,2.32718141253012,2.91053033245927,789,606,815,209,0,0
793,"BC Broad",34,2.59561327926466,2.41891191203675,2.80105192706876,790,701.975,811,109.025,0,0
794,"RD Shah",55,2.59262131792889,2.41165663318446,2.78001156174738,789,715.975,812,96.025,0,0
795,"Mohsin Khan",75,2.58937061269983,2.43243680785572,2.75364208662096,791,725,810,85,0,0
796,"JN Mohammed",31,2.58901525139687,2.34667629013984,2.83956746587083,791,667.975,814,146.025,0,0
797,"KO Otieno",87,2.58818566887379,2.43383944860233,2.745296978878,790,739.975,810,70.025,0,0
798,"Javed Miandad",218,2.58723783297513,2.42549016127676,2.75108811482069,791,731.95,811,79.05,0,0
799,"JJ Crowe",71,2.58008694663505,2.42024160979557,2.74180299262889,791.5,733.975,811,77.0250000000001,0,0
800,"DSBP Kuruppu",52,2.57682318161428,2.40545305715117,2.76424493959166,794,727,812,85,0,0
801,"Qasim Umar",31,2.57437843261189,2.37143801905615,2.79634731089722,794,710.9,814,103.1,0,0
802,"JC Adams",105,2.56907117611284,2.39287095375882,2.76552921274034,795,719.975,813,93.025,0,0
803,"CWJ Athey",29,2.56839212616825,2.35213577604907,2.7998350551259,795,698,814,116,0,0
804,"Rajin Saleh",43,2.56822535126112,2.32213373493932,2.91954694555168,798,603.15,815,211.85,0,0
805,"A Bagai",60,2.56655590561847,2.37250818746342,2.76912610914287,796,720,814,94,0,0
806,"CJ Tavare",28,2.53786358160395,2.3228841234556,2.76912577005502,800,723.95,815,91.0500000000001,0,0
807,"GR Marsh",115,2.53573386828976,2.39736425948537,2.68607465221664,801,761.95,813,51.05,0,0
808,"K Doriga",38,2.53442582329285,2.30496095960532,2.7526687778748,801,727,815,88,0,0
809,"JM How",37,2.51948203501153,2.30177088442842,2.73671736583375,803,738,815,77,0,0
810,"J Dyson",27,2.51878774676481,2.32064378379413,2.72208493554389,803,747,815,68,0,0
811,"BA Edgar",64,2.50774483033177,2.35492682913321,2.66235815498993,804,770,814,44,0,0
812,"Mansoor Akhtar",35,2.46624364825538,2.25424141936404,2.6824737945901,809,761,816,55,0,0
813,"WV Raman",27,2.44630776849869,2.19909982323014,2.7020202822855,810,757,817,60,0,0
814,"S Wettimuny",33,2.39706963453695,2.21445591686692,2.59102987065001,813,790.975,817,26.025,0,0
815,"JG Wright",148,2.33568302917131,2.20110638881044,2.46620111894907,815,808,817,9,0,0
816,"Shoaib Mohammad",58,2.31062993191901,2.10560226207672,2.52321671440456,815,804,817,13,0,0
817,"Javed Omar",59,2.21317136176655,2.01353245587801,2.40096691014238,817,812,817,5,0,0
