"rank","Player","GP","alpha","lq","uq","median_rank","rank_uq","rank_lq","rank_range","prob_rank1","prob_top25"
1,"V Kohli",294,4.13499821136979,3.94336478122278,4.35087302718166,6,1,29,28,0.075,0.955
2,"DJ Malan",31,4.09740341580432,3.69066646654599,4.5439574541533,9,1,133.025,132.025,0.169,0.73
3,"RN ten Doeschate",32,4.09594063681,3.71859177864112,4.51056597119893,8,1,116,115,0.148,0.747
4,"AB de Villiers",232,4.09187345288134,3.88609736318173,4.33947459988346,9,1,44.025,43.025,0.051,0.872
5,"Babar Azam",131,4.02742649146788,3.81165449377232,4.26065265720007,15,2,71,69,0.018,0.731
6,"RG Sharma",293,4.01706446540048,3.82089234683617,4.21536160784535,17,3,65.025,62.025,0.004,0.719
7,"MG Bevan",196,4.00696497960445,3.80178979602978,4.22400045771563,18,2,75.0749999999999,73.0749999999999,0.013,0.66
8,"JH Kallis",315,3.99481480009387,3.76042850758911,4.24980473867124,20,2,95.025,93.025,0.015,0.599
9,"MEK Hussey",157,3.99279427674884,3.72515243475491,4.31643207583,22,1,111.05,110.05,0.028,0.561
10,"KS Williamson",167,3.9845518429719,3.76887677288073,4.21321813900766,21,3,87.05,84.05,0.007,0.588
11,"LRPL Taylor",220,3.96900550567648,3.77049530124705,4.17748862247525,24,3,90,87,0.003,0.534
12,"MS Dhoni",298,3.96859633408823,3.78940980971477,4.14909034916363,24,5,78,73,0,0.526
13,"CG Greenidge",173,3.96475807926862,3.72995313415914,4.23365382177081,26,2,116,114,0.013,0.491
14,"SR Tendulkar",544,3.94262128524755,3.7713431424874,4.12136083671247,30,6,91,85,0,0.41
15,"Zaheer Abbas",60,3.93752433261046,3.631103967982,4.26957284029529,31,2,177.025,175.025,0.015,0.435
16,"Ibrahim Zadran",43,3.93732224164625,3.57847251706729,4.30343715242731,31,2,214,212,0.022,0.446
17,"Mohammad Nadeem",36,3.92855044756684,3.45770603729354,4.43951959670069,34.5,1,310.025,309.025,0.08,0.441
18,"KL Rahul",90,3.91948262890616,3.6561688001295,4.22039477385109,36,3,165.075,162.075,0.01,0.367
19,"SD Hope",151,3.91591611887332,3.70255259950744,4.13573806777752,35,6,132.025,126.025,0.002,0.334
20,"Misbah-ul-Haq",146,3.91208743315423,3.68004690056829,4.18441789719817,39,4,144.025,140.025,0.005,0.346
21,"CH Lloyd",69,3.90939677045255,3.58444854551527,4.27991208316365,39,2,216.025,214.025,0.018,0.376
22,"IVA Richards",167,3.90717432872598,3.67100379246636,4.17238799309696,40,4.975,147.025,142.05,0.004,0.327
23,"HE van der Dussen",65,3.88713329833272,3.5689574068179,4.22931016920006,43.5,3,219.025,216.025,0.011,0.324
24,"AT Rayudu",50,3.88518236140001,3.5460181958478,4.24341897001811,46,2,242.025,240.025,0.01,0.314
25,"DJ Mitchell",50,3.8746132920451,3.55777412656734,4.20189471006896,48,3,231,228,0.009,0.298
26,"SS Iyer",67,3.86958410813876,3.58621362985561,4.15406989245955,49,5,202.275,197.275,0.005,0.262
27,"Shubman Gill",61,3.86866365885726,3.48611569563207,4.27536026192925,51,2,298.15,296.15,0.013,0.319
28,"KC Sangakkara",381,3.86747243583276,3.68523543156093,4.05061331359473,50,13.975,141.025,127.05,0,0.135
29,"SPD Smith",154,3.85626155971291,3.6387588233647,4.07652800909277,53,9,168,159,0,0.173
30,"L Klusener",138,3.85362235943034,3.58722194172247,4.13179873105128,54,7,206.1,199.1,0,0.212
31,"BC Lara",306,3.8505483123482,3.67031294405578,4.02744692664132,55,15,153,138,0,0.11
32,"HM Amla",209,3.84783605448108,3.64412219346121,4.06528673697505,57,11,163.05,152.05,0,0.14
33,"IJL Trott",66,3.84741148692944,3.54183028044172,4.15150364339374,59,5,241.025,236.025,0.004,0.228
34,"Azmatullah Omarzai",34,3.84645055490795,3.46066165863319,4.24834209178172,57,2,305.05,303.05,0.016,0.27
35,"TM Head",83,3.83832491997923,3.55922631864871,4.15527515270858,62.5,5,226.025,221.025,0.003,0.21
36,"F du Plessis",136,3.83637165830407,3.6079352439862,4.08188241960304,60,9.975,193,183.025,0.002,0.136
37,"KJ Coetzer",126,3.82545583531914,3.55377795732315,4.12849530423121,67,6,231.025,225.025,0.004,0.159
38,"A Jadeja",190,3.82261092303954,3.55191689007659,4.14237134811012,73,6,238.1,232.1,0.002,0.183
39,"HT Tector",49,3.82229332294459,3.48107201461561,4.18719674251712,68,4,291,287,0.006,0.219
40,"JJ Roy",125,3.82199953130477,3.54647621775333,4.10302133530303,68,7,247.05,240.05,0.002,0.159
41,"KIC Asalanka",70,3.820974101275,3.53906175283677,4.10777047509639,68,7,239.225,232.225,0.001,0.161
42,"S Dhawan",196,3.8205998786332,3.60836048375223,4.04514754384308,68,13.975,195.025,181.05,0,0.1
43,"TLW Cooper",31,3.82054585770716,3.49966902676064,4.21351950022927,71,3,282.05,279.05,0.014,0.205
44,"JM Bairstow",111,3.82050782202032,3.49969337105234,4.16478207682102,66.5,4,280.05,276.05,0.005,0.207
45,"MJ Clarke",227,3.8188086978809,3.62171838258518,4.01941360802732,68,16,189.025,173.025,0,0.076
46,"KM Jadhav",51,3.81750420737786,3.45076529543108,4.22527694463731,72,3,315.025,312.025,0.016,0.22
47,"RT Ponting",365,3.81368828024758,3.65291512654499,3.98221118974184,70.5,22,164,142,0,0.042
48,"BM Duckett",32,3.81287730515767,3.46791766466075,4.19267725028629,73,3.975,303.05,299.075,0.008,0.221
49,"ML Hayden",187,3.81191582193911,3.58858459543271,4.03559310233513,72,13,203.025,190.025,0,0.101
50,"A Ranatunga",254,3.80610969394111,3.56598557851036,4.06144997164068,74.5,11,231.025,220.025,0.001,0.109
51,"AD Mathews",194,3.80480353254356,3.59776690648219,4.01445548664079,74,15.975,194.075,178.1,0,0.063
52,"Q de Kock",183,3.80415125535138,3.60329101437615,4.00078250230181,74,17,195.05,178.05,0,0.064
53,"T Bavuma",53,3.8027163930248,3.49904711974508,4.14882333118339,76.5,4,279.025,275.025,0.004,0.158
54,"SR Watson",185,3.80267969582743,3.59572789278587,4.02246248721368,75.5,17,204,187,0,0.072
55,"GM Turner",54,3.80243767060111,3.44549757145879,4.20002667922996,79,4,316,312,0.003,0.191
56,"KP Pietersen",128,3.802160501654,3.57245845414957,4.04667980829301,76,13,221.05,208.05,0,0.081
57,"Fakhar Zaman",104,3.79950146958857,3.51722843527931,4.08766182414789,79,9.975,263.1,253.125,0.002,0.132
58,"DA Warner",175,3.79679279127361,3.57874965569449,4.02701127707372,80,14,203.025,189.025,0,0.072
59,"DA Miller",152,3.79663424911266,3.57036379975435,4.04583906750064,81,13,224.025,211.025,0,0.104
60,"RR Sarwan",168,3.79481353653594,3.59099245465544,4.00529816350549,80.5,16,203.025,187.025,0,0.069
61,"AJ Lamb",118,3.79438189141164,3.53806222220842,4.06309803311348,82,11,246.05,235.05,0.001,0.111
62,"JE Root",176,3.7887995427916,3.51169304814868,4.05487463287973,84,10.975,267.075,256.1,0.001,0.116
63,"A Bagai",60,3.78725600114144,3.4375578517339,4.16206959088331,85,5,337.025,332.025,0.005,0.192
64,"DP Conway",38,3.78701677766776,3.44264918209181,4.2061556904681,85,4,324.05,320.05,0.008,0.185
65,"BA Stokes",99,3.78624908191147,3.52163199141134,4.08138498276707,86,9.975,259.025,249.05,0.002,0.107
66,"B McMullen",33,3.78560768586157,3.40445993538033,4.19114051214003,85.5,3,356,353,0.009,0.191
67,"Mohammad Yousuf",273,3.78408416961264,3.61512279015071,3.96440986421989,84,24.975,192,167.025,0,0.026
68,"UT Khawaja",39,3.78288174227054,3.42425451195665,4.15263087460268,85,6,334.075,328.075,0.004,0.164
69,"S Chanderpaul",273,3.78218625306897,3.60717741170085,3.99404169493235,86,20.975,194.025,173.05,0,0.041
70,"SR Mukkamalla",35,3.77887898599997,3.34059861525035,4.29707401588129,92.5,2,403.1,401.1,0.02,0.214
71,"Tamim Iqbal",295,3.77844240999286,3.57636067430868,3.98503204780398,85,21,213.025,192.025,0,0.043
72,"Aqib Ilyas",30,3.7746138269725,3.45678664045232,4.13502313571054,95,6,316.025,310.025,0.005,0.164
73,"Mahmudullah",209,3.7730566926389,3.57994309062354,3.99788946083712,90,19,217,198,0,0.047
74,"CH Gayle",391,3.77216639398374,3.58105214709635,3.96922099852924,91,24,217,193,0,0.03
75,"KU Carty",40,3.77181774271084,3.43371781564146,4.1148591100187,89,7,327,320,0.003,0.125
76,"Salman Butt",91,3.76976554810871,3.46709900670977,4.09053312074746,92,9,299.175,290.175,0.003,0.112
77,"A Symonds",162,3.76392641622838,3.56321881593457,3.97906541853712,95,23,230,207,0,0.034
78,"MJ Guptill",223,3.75916387646578,3.56892092642043,3.97276873330441,98,22,227,205,0,0.032
79,"TM Dilshan",321,3.75818862700409,3.56189621385686,3.94794220978723,97,31.95,224.05,192.1,0,0.016
80,"Imam-ul-Haq",91,3.7581237571181,3.5238959465128,4.01877376940076,101,17,264.175,247.175,0,0.066
81,"DM Jones",161,3.75572987590714,3.52681807071691,3.98729366397068,100,20.975,250,229.025,0,0.039
82,"WA Young",52,3.75069025836929,3.41217729903251,4.1299451342763,110,6,341.3,335.3,0.001,0.134
83,"PN Kirsten",44,3.74978277471016,3.39593256173469,4.19247893881584,108,4,369.05,365.05,0.009,0.155
84,"BRM Taylor",228,3.74455458850159,3.50351522745373,3.96563721445584,104,24.975,271.05,246.075,0,0.026
85,"Asif Khan",39,3.74393976362497,3.37786049105181,4.12089200319896,108,8,378.05,370.05,0.004,0.132
86,"DR Martyn",184,3.7421822821561,3.51654562521974,3.97791692679008,105,20,267.075,247.075,0,0.037
87,"DL Haynes",317,3.74130830337327,3.5353564876135,3.94045566874361,107,30,247,217,0,0.016
88,"R Ravindra",32,3.74013069786902,3.35925067501132,4.12940096961106,110,5,389,384,0.005,0.14
89,"SC Ganguly",379,3.73793287401361,3.58192833556334,3.90365921074082,109,39.975,213,173.025,0,0.004
90,"P Nissanka",80,3.7350851147471,3.4540107356193,4.0592339064741,110,11.975,325,313.025,0.002,0.067
91,"M Azharuddin",308,3.72972961230159,3.54360949863844,3.90663478532326,113,38.975,245.05,206.075,0,0.006
92,"Saeed Anwar",315,3.729461866765,3.56083939097403,3.91202452264654,112,39,229.05,190.05,0,0.003
93,"HG Munsey",80,3.72883590425376,3.42373713529993,4.01325154226037,109,16.975,323.1,306.125,0,0.058
94,"A Flower",227,3.728769698515,3.46288552821491,4.01125026728139,114,17,299.1,282.1,0,0.056
95,"Mohammad Rizwan",85,3.72853294250427,3.45180674774448,4.01593245186377,117,18,319.025,301.025,0.002,0.054
96,"AJ Finch",154,3.72826167718134,3.52143155841786,3.93248726728228,113.5,32,259.025,227.025,0,0.011
97,"NH Fairbrother",71,3.71220950962936,3.44011131036464,3.99456386850953,125,19.975,329,309.025,0,0.042
98,"Haris Sohail",44,3.70814889863655,3.38012782370839,4.06513788072775,127,11,373.025,362.025,0,0.067
99,"ME Waugh",265,3.70597560971296,3.52298202459195,3.8888686233769,128,39,258,219,0,0.006
100,"NV Knight",119,3.70555326523972,3.45657051509215,3.96236609908206,126.5,24.975,308.025,283.05,0,0.027
101,"RG Twose",81,3.7010280970522,3.41614326855935,3.9638796746535,127,23,347.075,324.075,0,0.028
102,"T Mishra",40,3.69800917101219,3.32114015768354,4.14286505603726,140,5,417.15,412.15,0.006,0.103
103,"BC Broad",49,3.69741669965481,3.35840718542123,4.08389970706382,131,10,387.025,377.025,0.001,0.073
104,"Imad Wasim",40,3.69707383802815,3.31690965308524,4.1096826095495,140,8,427.05,419.05,0.002,0.11
105,"SM Gavaskar",142,3.6959698544262,3.45123881725497,3.98426776367306,137,24,323,299,0,0.029
106,"Mushfiqur Rahim",256,3.69131335275774,3.49288416552024,3.89982713713802,138,39,288.075,249.075,0,0.005
107,"Umar Akmal",110,3.69128135407472,3.43159473229885,3.96086262590234,141,25.975,328,302.025,0,0.025
108,"RR Rossouw",36,3.69115511306793,3.33564109694335,4.06360844063927,138,11,408.075,397.075,0,0.076
109,"Saleem Elahi",62,3.69095692206208,3.34281540990051,4.03852383563584,137,13.975,406.075,392.1,0,0.065
110,"BKG Mendis",144,3.68870585856132,3.45715002471499,3.93984927145516,140,30,316.075,286.075,0,0.013
111,"Rahmanullah Gurbaz",59,3.68843961095225,3.38565597884526,4.02766767882136,140,14,371.025,357.025,0.003,0.053
112,"R Dravid",326,3.68719815569644,3.52231299925777,3.8700554781261,141.5,49,257.075,208.075,0,0.001
113,"MR Marsh",97,3.6860419378342,3.4341455126011,3.97146258520636,141,26,329.025,303.025,0,0.024
114,"Yuvraj Singh",277,3.68506170114173,3.47567612896379,3.9210901824189,142,36.975,298.025,261.05,0,0.014
115,"SB Smith",30,3.68345058811166,3.29158172390178,4.11348086454726,146,8,448.025,440.025,0.006,0.101
116,"SK Raina",194,3.68292263847185,3.45248634045194,3.92175165927406,143,35,317.025,282.025,0,0.01
117,"Agha Salman",34,3.68029253312693,3.32063299467549,4.06169948159919,145.5,13,422.05,409.05,0.002,0.071
118,"EC Joyce",90,3.68014348262448,3.39040149312016,4.00235653566421,147,19,366.05,347.05,0,0.045
119,"PR Stirling",227,3.6801160853697,3.48625502475692,3.89088823068913,143,44,292.05,248.05,0,0.005
120,"EJG Morgan",233,3.67945797973331,3.46166845467673,3.90162390013685,147,40,306.025,266.025,0,0.002
121,"GS Chappell",72,3.6777903034671,3.35988821796595,4.05955083587169,147.5,11.975,395,383.025,0,0.063
122,"M van Lingen",47,3.67693115154323,3.33806016816153,4.04146433455722,149,14,403.05,389.05,0,0.058
123,"ST Jayasuriya",524,3.67677472462475,3.48271407665162,3.85744859208022,147,57,291.05,234.05,0,0.002
124,"MS Atapattu",285,3.6750636871775,3.49240656328636,3.86647737046652,148,49,283.025,234.025,0,0.002
125,"WJ Cronje",176,3.67346692037763,3.44833367466858,3.92853935970464,149.5,36,321.025,285.025,0,0.013
126,"AH Jones",98,3.67297003153077,3.39371036639123,4.02509575546199,156,16.975,368.025,351.05,0.001,0.036
127,"JP Duminy",178,3.6716004189432,3.39656382804898,3.96901510903921,152,24,370.05,346.05,0,0.026
128,"Javed Miandad",220,3.67150636096594,3.41428936914256,3.95533216564317,152,28,360.05,332.05,0,0.02
129,"MD Crowe",150,3.66963196505842,3.30767546554165,4.01754344782919,149,14,425.025,411.025,0.001,0.054
130,"CS MacLeod",93,3.6662989661392,3.42211153815373,3.95108270617167,155,26.975,349.05,322.075,0,0.02
131,"HH Dippenaar",102,3.66543907628807,3.42051323015251,3.927746785892,158,31,338,307,0,0.014
132,"G Kirsten",242,3.66490990270528,3.48349451260131,3.86795954741274,154,53,294.05,241.05,0,0.005
133,"SE Marsh",77,3.66460007513535,3.402435785359,3.92764013935545,156,33,355,322,0,0.011
134,"Inzamam-ul-Haq",353,3.66317650277232,3.5011329717752,3.82441343934608,153,67,275.05,208.05,0,0
135,"RA Smith",74,3.66112086028403,3.38992375806718,3.94831482239469,160.5,28,375,347,0,0.021
136,"Fawad Alam",36,3.65953790768976,3.27094406083603,4.06252699211377,156.5,11,453.05,442.05,0.002,0.063
137,"Azhar Ali",63,3.65908703671492,3.36750724199978,3.97141166295923,160,23.975,382.025,358.05,0,0.032
138,"SC Williams",229,3.65869561121222,3.46286341468741,3.83709193049123,159,60,303.15,243.15,0,0
139,"GJ Bailey",85,3.6557709429885,3.38593546259307,3.96170940744291,168.5,23.975,364,340.025,0,0.027
140,"G Boycott",48,3.65340894738217,3.25325878190207,4.0926123319383,171.5,8,476,468,0.007,0.09
141,"SA Edwards",65,3.65176295543266,3.38641290995473,3.94707291716063,169,26.975,377,350.025,0,0.021
142,"H Klaasen",56,3.64877540404166,3.34186294404857,3.95538901039645,170,24.975,406.025,381.05,0,0.027
143,"AD Hales",78,3.64676304968563,3.36577492195301,3.94267901598813,171,33,384.125,351.125,0,0.02
144,"AK Markram",83,3.64620187210309,3.36119857578113,3.92637244509834,168.5,32,395,363,0,0.016
145,"JN Rhodes",218,3.64487851779215,3.39843129830916,3.92299761505296,168.5,31.975,369,337.025,0,0.016
146,"AG Prince",41,3.64462711719867,3.25077892561911,4.06537109600479,168,11,478,467,0,0.06
147,"SM Katich",47,3.64166375880127,3.30939892829951,3.97162795241418,172,24.95,430.15,405.2,0.001,0.028
148,"MG Erasmus",62,3.64030837120086,3.36132905457894,3.96126081752279,168,27.975,384,356.025,0,0.023
149,"CL Hooper",209,3.63353855089903,3.35445207043008,3.8996588845068,176,40.975,393,352.025,0,0.008
150,"TWM Latham",152,3.6318727511248,3.41153019796316,3.85465427647334,179.5,54.95,350.025,295.075,0,0
151,"AC Gilchrist",339,3.63150165857943,3.46121594621954,3.80188896257802,177,78.95,307.025,228.075,0,0
152,"M Labuschagne",58,3.62901541374024,3.34908565781026,3.93326195983345,179,31.975,401.025,369.05,0,0.015
153,"JP Faulkner",52,3.62833534516442,3.2046845760895,4.05128465558568,177.5,12.975,505.1,492.125,0,0.063
154,"RP Arnold",157,3.62584561582828,3.4054768440682,3.86499415533916,182,53,358.025,305.025,0,0.004
155,"A Balbirnie",121,3.62375501764202,3.33522584179083,3.92872474382889,189,35.975,416.025,380.05,0,0.013
156,"MD Patel",69,3.62333708455644,3.33750457451653,3.91822814051952,185.5,33.95,413.05,379.1,0,0.017
157,"DS Lehmann",101,3.62116278702402,3.35125390442208,3.90256046438595,186.5,41,391.075,350.075,0,0.007
158,"A Flintoff",122,3.62065651898858,3.32379100644522,3.91212793852528,185,37.975,421.125,383.15,0,0.005
159,"C Campher",35,3.6198163546263,3.23469987140184,4.01013234674602,182,18,488.075,470.075,0.001,0.043
160,"ME Trescothick",154,3.61960812924869,3.41531409335811,3.84890791750032,186.5,56.975,353.15,296.175,0,0.002
161,"GD Phillips",36,3.61681611502037,3.2639463978126,3.97860342109148,192,23.975,469.05,445.075,0.001,0.029
162,"AT Carey",77,3.61619526400839,3.35669338167215,3.90054145562501,190.5,41.975,396.025,354.05,0,0.011
163,"KC Wessels",138,3.61579005379162,3.37013657649547,3.86516076345891,191,53,380.05,327.05,0,0.002
164,"PA de Silva",299,3.61529557017375,3.44183820069743,3.80320502287907,190,76.95,331.025,254.075,0,0
165,"Shakib Al Hasan",234,3.61349622115207,3.3754379309961,3.86356011804072,192.5,50.975,371.125,320.15,0,0.006
166,"V Aravind",69,3.61312259786436,3.25480393213512,4.04356935991598,198,13.975,464.025,450.05,0.001,0.051
167,"M Kaif",110,3.61249816485345,3.36030826717982,3.89398694277493,193,45,387.075,342.075,0,0.007
168,"Towhid Hridoy",40,3.6078295749522,3.27780884878696,3.98748863680379,195.5,22,456.025,434.025,0.001,0.034
169,"G Gambhir",155,3.60695882774736,3.39280155567012,3.86360226678313,200,57.975,369,311.025,0,0
170,"MA Atherton",74,3.60627450996928,3.30956987857518,3.90746228628226,200.5,38.975,431,392.025,0,0.007
171,"Ahmed Shehzad",97,3.60603417949627,3.34089586304646,3.89262384034779,204,40.9,402.025,361.125,0,0.01
172,"GA Gooch",167,3.60558330759873,3.36959228826846,3.89329366840425,202,40,380.075,340.075,0,0.012
173,"Soumya Sarkar",85,3.60490318289527,3.32620890069184,3.89244785540902,196.5,43,409.05,366.05,0,0.005
174,"NS Sidhu",165,3.60433323628734,3.38027815610685,3.85199711494824,202,54.975,383.075,328.1,0,0.006
175,"N Pooran",58,3.6032765995074,3.2776680552378,3.95105770506867,200,29,454.05,425.05,0,0.02
176,"GA Hick",118,3.60157755379417,3.36350565499014,3.84097047516889,205,60,387.05,327.05,0,0.001
177,"G Singh",32,3.60148109400636,3.18882817635522,4.01845151506411,198,15.975,507.075,491.1,0.001,0.042
178,"JC Buttler",169,3.59975101347302,3.31425263589096,3.88510659646501,201,40.975,427.025,386.05,0,0.005
179,"ND McKenzie",55,3.59801453012557,3.29158767813832,3.93043021371596,204.5,28.975,443.025,414.05,0,0.016
180,"AN Cook",112,3.59767374031785,3.32578536064788,3.86280722249525,206,48.975,413.025,364.05,0,0.006
181,"AJ Strauss",145,3.59738570100936,3.37158282335105,3.84383768988334,208,59.975,375.025,315.05,0,0.003
182,"SR Waugh",287,3.59703222927728,3.41958847016586,3.7926124156335,205,83,348.025,265.025,0,0
183,"V Sehwag",282,3.5968984680507,3.39255823539173,3.80196293019469,203,78,363,285,0,0
184,"Rahmat Shah",122,3.59688155364636,3.36697003121022,3.82700582398772,201,64.95,388.025,323.075,0,0
185,"RD Berrington",125,3.594916866255,3.29120604529884,3.90564247310288,204,42,452,410,0,0.013
186,"MG Bracewell",32,3.59240499603434,3.17104089536891,4.03108454225995,209.5,14,532,518,0.001,0.048
187,"Mohammad Hafeez",238,3.59105252147414,3.39224627150422,3.79315978896449,210,81,362.025,281.025,0,0.001
188,"Saleem Malik",256,3.59081137192038,3.39320998835543,3.78610773375157,209,82.975,362.025,279.05,0,0
189,"SP Fleming",303,3.59036101251144,3.4115312884776,3.77587690174402,207,89.975,350,260.025,0,0
190,"LD Chandimal",142,3.59005250415168,3.35043880442112,3.82606464207346,209.5,64.925,399.05,334.125,0,0.001
191,"KD Karthik",84,3.58855662088763,3.26857812452355,3.913287380025,212,37,454.1,417.1,0.001,0.01
192,"DC Boon",215,3.58737641170841,3.39375457493084,3.79026011927374,213,76.975,357.05,280.075,0,0
193,"Basit Ali",43,3.58685805008868,3.26875966533341,3.9639501127916,214,28,458.025,430.025,0,0.021
194,"Yasir Hameed",70,3.586612926485,3.29093678350765,3.9264491752836,214.5,36.975,439,402.025,0,0.016
195,"AM Rahane",90,3.58528733226986,3.33652111105761,3.85632674542706,214.5,56.975,404.025,347.05,0,0.001
196,"M Amarnath",75,3.58398326738919,3.27801846477425,3.8756015376653,209,45.95,451.15,405.2,0,0.005
197,"NJ Astle",270,3.58344508950196,3.38874537494155,3.77690795438801,213,87,371,284,0,0
198,"NC Johnson",65,3.58255259560789,3.28195275141634,3.91408032616412,215,34.95,446.075,411.125,0,0.015
199,"GR Marsh",149,3.58255051414178,3.36456947957294,3.80284046847721,213,76,384.025,308.025,0,0.002
200,"WU Tharanga",253,3.58245653325008,3.37920166026209,3.79166787117801,214.5,81.975,371.075,289.1,0,0
201,"SSJ Brooks",30,3.58134936425443,3.19095207053248,4.00221068510283,216.5,19,520,501,0.001,0.037
202,"E Lewis",91,3.58075983562233,3.29354264542291,3.88438022673667,215,43,444.025,401.025,0,0.006
203,"PD Collingwood",181,3.57932381991251,3.37458193627665,3.77184510862512,219,87,379.1,292.1,0,0
204,"CA Ingram",30,3.5790652577702,3.19125039859937,3.97107537938434,225,23.975,514.025,490.05,0,0.029
205,"RA Jadeja",133,3.57342331269015,3.31314991402615,3.82453795333556,220,65,427.025,362.025,0,0.001
206,"Mohammad Shahzad",113,3.57236206900927,3.31619573957563,3.85220361679261,226,52,422.025,370.025,0,0.006
207,"JM Davison",42,3.56855993515161,3.08068308377572,4.03651933207837,218,15.975,586.1,570.125,0.001,0.041
208,"Shoaib Malik",261,3.56673065303709,3.32465512692411,3.82979075652956,229.5,68,421,353,0,0.003
209,"MN Samuels",196,3.56571105184881,3.36921021788897,3.76883528252283,230,94.975,378.025,283.05,0,0
210,"SV Manjrekar",69,3.5653887143137,3.27370088899628,3.86707284125613,228,54.925,461.1,406.175,0,0.004
211,"RS Morton",56,3.56378975696938,3.24438174707939,3.90201862109682,234.5,41.95,473.025,431.075,0,0.008
212,"DB Vengsarkar",122,3.56187391861438,3.32340661761636,3.79757292870565,228,81.9,422.05,340.15,0,0.002
213,"JV Coney",80,3.56126144805877,3.20779074766104,3.92685199209169,230,33,510.025,477.025,0.002,0.017
214,"SO Hetmyer",52,3.55994145436437,3.24227452077845,3.92890420185782,232,35,489.025,454.025,0,0.01
215,"IR Bell",180,3.55928973942217,3.36167555378087,3.77633997381987,235,86,391.025,305.025,0,0
216,"AJ Stewart",191,3.55847439120674,3.34561712623753,3.78453808765618,235.5,87.95,401.125,313.175,0,0
217,"Shaiman Anwar",40,3.55746529428195,3.1152655685834,4.00213701626717,238,20,568,548,0.001,0.037
218,"CR Ervine",128,3.55706656196358,3.30694723495582,3.80449607604156,236,75.975,438.05,362.075,0,0.001
219,"GC Smith",234,3.55650877502784,3.37300645007145,3.7560127424424,237,106.975,382,275.025,0,0
220,"DPMD Jayawardene",421,3.55488876694829,3.39176168036792,3.72688132005524,240,111.975,369.025,257.05,0,0
221,"CL White",77,3.55459756309479,3.2244328781457,3.91557204275229,240,37,499.025,462.025,0,0.014
222,"RB Richardson",227,3.5537494523697,3.29785649252812,3.81167411108533,234,69.9,434.075,364.175,0,0.001
223,"LMP Simmons",77,3.55307265816653,3.25437777345431,3.87763447284864,241.5,47,474.025,427.025,0,0.01
224,"SB Styris",161,3.55252954830733,3.34925736470573,3.76818260476739,241,85.975,400.025,314.05,0,0
225,"AL Logie",131,3.55212218471834,3.29525837349897,3.8354685246501,246,62,432.025,370.025,0,0.005
226,"HH Gibbs",288,3.55105759923847,3.36611738816664,3.74114049880517,241,110,384,274,0,0
227,"BJ Haddin",122,3.55069453268962,3.30940463202296,3.81763074560598,242.5,65.875,433,367.125,0,0.004
228,"GD Elliott",69,3.55058530155419,3.25274993749751,3.87977356169169,246,49.975,477.025,427.05,0,0.009
229,"GP Thorpe",77,3.55042434772644,3.26135631491168,3.83159517583664,240.5,65.975,463.05,397.075,0,0.003
230,"VG Kambli",97,3.54918375571168,3.25591389142391,3.86852214257377,238,57,464,407,0,0.002
231,"Sarfaraz Ahmed",91,3.54763824648498,3.28413928890129,3.81783853832453,251,66,448.075,382.075,0,0.003
232,"C Kieswetter",46,3.54589054247367,3.16718453939726,3.96387004114574,248,24,524,500,0.002,0.028
233,"Imran Khan",151,3.54364970769795,3.2969461323767,3.81277088315003,250.5,70.975,439.05,368.075,0,0.003
234,"JM Kemp",66,3.54269754475875,3.16392980590217,3.92188197324731,239,34.925,524,489.075,0,0.018
235,"SM Ervine",33,3.54209373208956,3.10438632861533,4.0186146303785,250,14.975,570.175,555.2,0.002,0.041
236,"MP O'Dowd",92,3.54208500614378,3.27953522755444,3.82288482636118,250,65.975,453,387.025,0,0.002
237,"SO Tikolo",130,3.53775734674674,3.28903927293487,3.78726747591108,249.5,82.95,446.075,363.125,0,0
238,"Aaron Jones",53,3.53550472533275,3.26096969702274,3.83855869298542,260,61,466,405,0,0.002
239,"MA Taylor",139,3.53487914584063,3.31525842842333,3.76269012606773,254,99.975,431,331.025,0,0
240,"AN Kervezee",44,3.53374970626625,3.1480849066799,3.96059542307358,259,26.975,541.075,514.1,0,0.019
241,"Aamer Sohail",207,3.53369730716465,3.34711586297719,3.74328643987527,257.5,109,403.025,294.025,0,0
242,"A Vala",68,3.53221583153016,3.24029207404371,3.80437682732372,251.5,74.975,480.025,405.05,0,0.001
243,"LS Livingstone",37,3.5309116544889,3.17445691643466,3.92242305176976,259,33.95,527,493.05,0,0.015
244,"Younis Khan",253,3.53023386245412,3.3220673728158,3.73739650427169,254,108,420.025,312.025,0,0
245,"JA Rudolph",39,3.52995653810356,3.17786889941335,3.91688600730802,254,36.975,521.175,484.2,0,0.014
246,"HDRL Thirimanne",108,3.52805783555973,3.2627735649034,3.81026867855735,263,73.975,468.1,394.125,0,0
247,"Nasir Jamshed",60,3.52799793383016,3.19671083701371,3.87632721908436,262,49.975,507.05,457.075,0,0.012
248,"Litton Das",106,3.52786298047889,3.24694860635361,3.80309807284497,257,80.975,476.05,395.075,0,0.001
249,"Khawar Ali",35,3.52693271395477,3.11283913505867,3.96224158274639,264.5,29,565.05,536.05,0,0.022
250,"T Taibu",137,3.52678737403106,3.28223844940546,3.79618133367542,260,83,451.025,368.025,0,0.001
251,"RL Dias",55,3.52503730333406,3.20522859069247,3.85957238846682,265,56.925,511.05,454.125,0,0.011
252,"DJ Cullinan",135,3.52485149160965,3.29971456415612,3.78535695559147,266,86.925,435.05,348.125,0,0
253,"KJ O'Brien",144,3.5227323295856,3.28885828514531,3.75777814463613,264,96.975,439.025,342.05,0,0
254,"Abdul Razzaq",228,3.52097925932157,3.3074425243428,3.74771233785333,262,107,431,324,0,0
255,"Abdullah Shafique",35,3.51815586282781,3.10064588697128,4.00958076295255,275.5,14,580.075,566.075,0.001,0.04
256,"MD Gunathilaka",56,3.51640920939987,3.08678188966882,3.9412705858505,269,30,575.025,545.025,0,0.018
257,"Zeeshan Maqsood",47,3.51435525700517,3.14830164635967,3.92424796224623,284.5,27.975,539.1,511.125,0,0.021
258,"Najmul Hossain Shanto",60,3.51371357151055,3.1847170749653,3.89238485007304,273,43,522.025,479.025,0.001,0.009
259,"DJ Hussey",61,3.51252255274866,3.20404123805446,3.84587984128609,270,59.95,506,446.05,0,0.003
260,"Ijaz Ahmed",237,3.51249909982896,3.31858325080591,3.7387854595721,272,109.95,424,314.05,0,0
261,"HC Brook",35,3.51242756830249,3.14519293259835,3.92387263218448,279,32.975,541.075,508.1,0,0.018
262,"RK Paudel",68,3.51231287688596,3.18735223948277,3.8572128862701,277.5,52.975,517,464.025,0,0.005
263,"Gulsan Jha",32,3.51218149931524,3.10456303206218,4.01971393654707,284,15.975,572.025,556.05,0.003,0.038
264,"Shahriar Nafees",102,3.51117239890376,3.17166602871867,3.83377869495597,271.5,57,532,475,0.001,0.009
265,"Muhammad Usman",37,3.50879997897281,3.14985807563137,3.90873350918913,280.5,40.95,545,504.05,0,0.011
266,"Sikandar Raza",152,3.50654378008711,3.19161297087321,3.8019881108895,270,76,520.05,444.05,0,0.002
267,"Ramiz Raja",250,3.50558267882479,3.31634361856156,3.69917573625883,275,125.975,431.05,305.075,0,0
268,"GM Hamilton",43,3.50380088634291,3.17961574295476,3.85838873595538,282.5,51.925,533,481.075,0,0.005
269,"Hashmatullah Shahidi",91,3.5002645995111,3.24017794811902,3.7824312664407,288,88,482.025,394.025,0,0.001
270,"S Dhaniram",41,3.4958195885476,3.10902474364221,3.95574840366096,296,26.925,572.1,545.175,0.003,0.025
271,"W Barresi",56,3.49333408853088,3.13491597580138,3.85091384295483,294,52.975,553,500.025,0,0.008
272,"GJ Maxwell",136,3.49275329000878,3.28050402025367,3.72422129088727,287,116.925,451.025,334.1,0,0.001
273,"Ayaan Khan",37,3.49241525005394,3.15318172300919,3.84667154551446,287.5,55.95,542,486.05,0,0.009
274,"Aasif Sheikh",87,3.49208089896692,3.18121619997614,3.81843017417553,290,68.95,518.075,449.125,0.003,0.005
275,"AA Obanda",55,3.49191740019791,3.14679933168743,3.84019794060929,290.5,61.975,542.125,480.15,0,0.008
276,"BB McCullum",246,3.48977051237172,3.31407726555337,3.682961013588,290,139,428.025,289.025,0,0
277,"CL Cairns",195,3.48658304786889,3.27079477124812,3.70133921266255,293,131.975,457.05,325.075,0,0
278,"LPC Silva",62,3.48409849648284,3.20086441642266,3.76845387261819,292,90.975,506.025,415.05,0,0.001
279,"HM Nicholls",84,3.48131866789875,3.19378984833081,3.77242331954199,296,90,516.05,426.05,0,0.002
280,"BFW de Leede",50,3.48089991256007,3.12846418084289,3.82862982451566,295,61,562.05,501.05,0,0.007
281,"GW Flower",268,3.48058320188545,3.30141895019376,3.67173833549077,299,154.975,433.025,278.05,0,0
282,"TT Samaraweera",42,3.47989168475815,3.11779619818709,3.8760419562606,298,47,560.05,513.05,0,0.008
283,"BA Edgar",85,3.47853979195334,3.20385057447125,3.75130635240223,300,92.95,504.05,411.1,0,0
284,"Aayan Afzal Khan",34,3.47649419794488,3.02349280921409,3.98042014482403,305,19.975,620,600.025,0,0.03
285,"AR Border",256,3.47575992881766,3.2847888464307,3.68625333152031,299,145,448,303,0,0
286,"C Sharma",34,3.47502713119891,2.99902847762559,3.97447362164418,305,22.975,630.1,607.125,0.001,0.03
287,"ADR Campbell",206,3.47167704690763,3.28405090105279,3.68913082814185,305,139.95,448,308.05,0,0
288,"WIA Fernando",54,3.47085654317231,3.12337333324474,3.83671415221709,302,65,555,490,0,0.005
289,"RR Watson",38,3.47070169000588,3.11700243281151,3.85269776008218,309.5,56,566.025,510.025,0,0.008
290,"N Hussain",93,3.469605723831,3.21602386134909,3.73904889873727,308,109,500,391,0,0.002
291,"MDKJ Perera",118,3.46944856732187,3.23169580887091,3.70160862931279,303.5,124,486,362,0,0
292,"S Samarawickrama",47,3.46935645475755,3.1639473535005,3.79966672745363,305,83,533.025,450.025,0,0.006
293,"CD McMillan",184,3.46886383382311,3.23647158704457,3.72391896773829,310,117.975,481.05,363.075,0,0
294,"WTS Porterfield",199,3.46834034537079,3.23442289228639,3.70644924061569,308.5,126,484.025,358.025,0,0
295,"KR Rutherford",122,3.46724743455836,3.22896221991559,3.73340866279177,308,114.975,490.05,375.075,0,0
296,"JG Wright",209,3.46557911855293,3.20224843110865,3.74560222213463,311,97,510.05,413.05,0,0
297,"DL Houghton",61,3.46517989624637,3.12490918226673,3.86161576511863,316,49.9,550.025,500.125,0,0.008
298,"TD Paine",40,3.46464456754859,3.07029183227797,3.86418426818642,312.5,50,582.125,532.125,0,0.005
299,"Vikramjit Singh",60,3.46300313579888,3.12124126231694,3.83799337188231,319.5,58,558.05,500.05,0,0.008
300,"JN Loftie-Eaton",47,3.46299542964791,3.10822367459823,3.85066587339382,312,55.975,567.1,511.125,0,0.004
301,"MAR Samarasekera",54,3.46112766618059,3.06792942115359,3.86779160207347,313,53,593.025,540.025,0,0.01
302,"F Behardien",49,3.46099305835829,3.09621338293806,3.86441722882631,315,50.95,573.075,522.125,0,0.006
303,"Aarif Sheikh",52,3.45873430912108,3.13419513188935,3.82903281319021,320,63.95,552,488.05,0,0.004
304,"KH Prajapati",54,3.45777152880785,3.12546521891899,3.81052336267538,311,78,565,487,0,0.003
305,"RS Bopara",115,3.45704617406681,3.18890344761229,3.72188792183034,318,121,514.025,393.025,0,0.001
306,"CWJ Athey",34,3.45669095547366,3.08440848516444,3.86316914043836,318.5,53.975,582.025,528.05,0,0.007
307,"PD Salt",36,3.45514773100667,3.1156948321195,3.83650712660659,323,63,568,505,0,0.005
308,"K Srikkanth",219,3.45347179155917,3.24370939842757,3.67314742452021,324,157.975,473.025,315.05,0,0
309,"Anamul Haque",51,3.45272007999785,3.13904906060669,3.81532967414187,322.5,72,547.05,475.05,0,0.002
310,"Afif Hossain",30,3.45259206320141,3.04413142580193,3.89272874699526,324,41.975,607.025,565.05,0,0.013
311,"RS Mahanama",247,3.45255884185802,3.2608601352283,3.65342589948235,319,163.95,462.025,298.075,0,0
312,"PG Fulton",53,3.44990070934437,3.12817968876404,3.78208343566703,322,89,555.1,466.1,0,0.001
313,"MW Gatting",88,3.44842362154382,3.2001096741019,3.74256200904651,329,100.975,511,410.025,0,0.001
314,"MV Boucher",220,3.44699254102155,3.24807776834084,3.6742359464737,327,151,472.025,321.025,0,0
315,"JJ Crowe",74,3.44385762736424,3.11651848720184,3.76475390642663,324,96.95,570.075,473.125,0,0.002
316,"SM Pollock",202,3.44156901334329,3.21488088143861,3.67698898853721,330,145.925,492.075,346.15,0,0
317,"PL Mommsen",46,3.4413146443943,3.11664211070421,3.82480846309736,334,64,566.075,502.075,0,0.002
318,"HK Badani",36,3.44096234925919,3.06159036734499,3.81211493268605,334,67,597.05,530.05,0,0.006
319,"KLT Arthurton",91,3.43961262425531,3.16904076465363,3.75234569954562,334,102.975,526.025,423.05,0,0
320,"DM Bravo",116,3.4343659532592,3.18221376332837,3.67338105163513,336,146.975,510.125,363.15,0,0
321,"Asif Mujtaba",58,3.43429901356872,3.10457722358421,3.77929573085193,332,85,573.025,488.025,0,0.005
322,"HH Pandya",68,3.43403885364181,3.15076082942444,3.71605929583787,336,121.95,536,414.05,0,0
323,"Shoaib Khan",31,3.43402111564523,3.01988552265716,3.85238549970032,341,53.975,621,567.025,0,0.006
324,"OA Shah",65,3.43290928693905,3.16385269393307,3.74581324733105,336,109.975,534.025,424.05,0,0
325,"Mohammad Nabi",154,3.43200812356167,3.19859529867271,3.66271295496555,337.5,159.975,507.05,347.075,0,0
326,"Najibullah Zadran",84,3.43197826875276,3.16284911065164,3.76548617058422,337,102.775,536.025,433.25,0,0
327,"AD Russell",47,3.43143030549739,3.07686236203087,3.81020980316715,330.5,71.925,590.025,518.1,0,0.003
328,"FDM Karunaratne",58,3.43142332294127,3.07162479854868,3.83411450706522,343,58.975,582,523.025,0,0.007
329,"YK Pathan",41,3.43108811225751,3.04554935136771,3.83868018022603,337.5,60.975,607,546.025,0,0.007
330,"L Vincent",107,3.43094924683277,3.15849267647471,3.71127242509708,338,123,530.025,407.025,0,0
331,"RR Singh",113,3.43003051879557,3.13518365137035,3.77619230746486,349,82.875,550.075,467.2,0,0.002
332,"GM Wood",105,3.42977181027244,3.17206406980125,3.71336261216305,334,127,529.025,402.025,0,0
333,"SJ Modani",44,3.42951766337202,3.06462392283112,3.82440051016652,340,67.975,591.025,523.05,0,0.004
334,"BM Laird",34,3.429371944085,2.99675125510584,3.85042487667,339,59,628,569,0,0.005
335,"N Dickwella",63,3.4279150792397,3.12068897421066,3.75134549855516,340,97,551.1,454.1,0,0.002
336,"AP Gurusinha",150,3.42734470092087,3.20473289115293,3.6466273090508,339,168.95,503.025,334.075,0,0
337,"Kushal Malla",35,3.42528470849382,3.01745876867302,3.88287842105265,348,47.925,616.075,568.15,0.001,0.011
338,"VVS Laxman",85,3.42300976146334,3.1274552053967,3.71773664200559,344.5,127.975,553.025,425.05,0,0
339,"CZ Harris",214,3.4228964096976,3.21721804008365,3.64933621521064,344,164.975,495.025,330.05,0,0
340,"MS Sinclair",53,3.42268589468268,3.08332114622408,3.77565333258496,348,87.9,586.175,498.275,0,0.003
341,"JJ Smit",48,3.42168368660002,3.0884293053873,3.81197666333805,344.5,72.975,586.05,513.075,0,0.004
342,"MA Leask",73,3.41810154185314,3.12266914215112,3.73971900609009,347,109.975,558.025,448.05,0,0.002
343,"PV Simmons",169,3.41620518217581,3.19119004279302,3.6588188682698,352,157,515.075,358.075,0,0
344,"Samiullah Shinwari",74,3.41610978112842,3.14607825746666,3.71727911060918,353.5,117.95,544.025,426.075,0,0
345,"JM How",48,3.41537063073489,3.02996830188796,3.81970847790974,359,64.9,616.025,551.125,0,0.005
346,"KA Pollard",112,3.41497040466671,3.17274615928821,3.6670610173466,353,151.95,530.175,378.225,0,0
347,"Nasir Hossain",52,3.41387775604262,3.0873288489655,3.75818481081462,355,93.975,578.1,484.125,0,0.002
348,"CJ Anderson",44,3.41213307428278,3.06599017265815,3.79335131550577,355.5,83.925,592.05,508.125,0,0.005
349,"AC Hudson",111,3.4089604463848,3.17210840906755,3.64741329225133,355.5,170,526,356,0,0
350,"C de Grandhomme",35,3.40841073726172,3.03141741145286,3.833285503647,361,60.975,616.025,555.05,0,0.005
351,"HP Tillakaratne",174,3.40835086743871,3.19048072305385,3.6312187999878,355,181,513.075,332.075,0,0
352,"DF Watts",46,3.40381344444149,3.05935715163093,3.79588953717294,356,75.95,602.05,526.1,0,0.001
353,"WW Hinds",126,3.40308168630524,3.14344478852823,3.6699290892846,358,147.975,550,402.025,0,0
354,"JD Ryder",45,3.40235297282754,3.02245661924321,3.78337462788608,362,88,613.05,525.05,0,0.004
355,"NT Broom",39,3.40043426080183,3.00577537492667,3.78819234752137,360.5,79.95,623,543.05,0,0.003
356,"A Sharma",30,3.40022053606496,2.94886728226787,3.90064579105297,365,40,652.025,612.025,0.001,0.011
357,"Yashpal Sharma",40,3.39985374981796,3.02520276693684,3.79580357162241,361,78.925,622,543.075,0,0.002
358,"Imrul Kayes",94,3.3993276480117,3.11729740800973,3.69372443862949,357.5,139.975,561.025,421.05,0,0
359,"Imran Farhat",72,3.39841381202946,3.11436022161707,3.69937057093864,365,125.975,561.075,435.1,0,0
360,"RJ Shastri",148,3.39504222211591,3.1717203892741,3.63461951098758,368,176.9,526.05,349.15,0,0
361,"Shadab Khan",44,3.39128034984795,3.00943128468322,3.81463316311703,373.5,72.95,615.025,542.075,0,0.005
362,"SV Carlisle",110,3.39059152966132,3.14271817391357,3.65458932706527,372,161,545.025,384.025,0,0
363,"DI Gower",119,3.38864044075447,3.14882049247032,3.66168086888586,371.5,158.925,547.025,388.1,0,0
364,"HH Streak",158,3.38849475599648,3.14549104911218,3.68073997323643,379,148.925,544.05,395.125,0,0.003
365,"RD Shah",72,3.38528532236899,3.04194645155317,3.73223698665585,374.5,107.975,600.125,492.15,0,0.001
366,"JR Hazlewood",33,3.38394066778111,2.70092334063188,4.09341159690258,384,10,734,724,0.004,0.045
367,"ES Szwarczynski",48,3.38381559164382,3.0345513848609,3.77793890344319,385,88,611.05,523.05,0,0.001
368,"MJR Rindel",32,3.38309898179367,2.95176529957511,3.80017325059432,366,75.975,645.05,569.075,0,0.002
369,"Chirag Suri",54,3.38126623927189,3.06099163664288,3.73401423118049,378,118,592.075,474.075,0,0.002
370,"Kamran Akmal",149,3.38004171496538,3.15070403298735,3.61715596460028,375,186.975,538.025,351.05,0,0
371,"S Ramesh",30,3.37516632141079,2.9286995890683,3.82156440434654,391,68.95,659.05,590.1,0,0.006
372,"J Dyson",34,3.37510230491955,2.96418295544962,3.82225585574187,380.5,74.95,643.125,568.175,0,0.007
373,"AM Samad",36,3.37375170579497,2.98801775737447,3.79033949022824,386,81.875,635.1,553.225,0,0.005
374,"NJ O'Brien",102,3.37297800359091,3.13796777133227,3.62413323636441,383,188,547,359,0,0
375,"HA Gomes",64,3.36966711840998,3.08001507295296,3.69365859277795,388,142.95,584.025,441.075,0,0.001
376,"CJ Tavare",39,3.36846837901858,2.9669582266311,3.7800561793405,389.5,84.95,636.075,551.125,0,0.004
377,"MJ Greatbatch",100,3.3670357932439,3.11751852074019,3.63344266512874,391,174.925,561.05,386.125,0,0
378,"SR Taylor",60,3.36551981891533,3.0622310545861,3.70386926215164,392,125.975,602,476.025,0,0
379,"Aftab Ahmed",85,3.36506547884924,3.06204779150752,3.68014365495352,388,138.95,601.025,462.075,0,0
380,"Raqibul Hasan",56,3.36371209997335,3.03592003188975,3.70075294994763,393.5,126,602.025,476.025,0,0.002
381,"MP Stoinis",64,3.36364224120131,3.07542311466334,3.67922682681891,388,149,594,445,0,0.002
382,"RL Chase",50,3.36316008269175,3.04368200961484,3.69044285264976,388,127.975,604.05,476.075,0,0
383,"D Mongia",56,3.36312784067067,3.03528122971489,3.7137348635251,395,121,605.125,484.125,0,0
384,"L Ronchi",74,3.36288510328495,3.04747956884022,3.70087942142937,396,128.95,602,473.05,0.001,0.001
385,"Manzoor Elahi",46,3.36126325153258,2.97336835662445,3.72765290831669,392,108,636.025,528.025,0,0.001
386,"Taufeeq Umar",30,3.35962406934421,2.9239886298384,3.83730823909042,397,64.975,661.075,596.1,0,0.005
387,"CO Obuya",89,3.35710319695456,3.02449094583434,3.69316080642417,394,133,617.025,484.025,0,0
388,"Nawroz Mangal",54,3.35682210974044,3.04044641727589,3.69061334193134,399,129.975,606.025,476.05,0,0
389,"AT Nidamanuru",37,3.35467231975241,2.9828970426304,3.71893032749446,391.5,114.975,639,524.025,0,0.001
390,"BA King",66,3.35413514032372,3.06531238152152,3.65089278180092,400.5,160.825,588.05,427.225,0,0
391,"Mohammad Mithun",30,3.35303049212332,2.96095059537438,3.7685053141163,405,91.925,649.025,557.1,0.001,0.005
392,"SL Campbell",114,3.35093973185979,3.10219876081979,3.63179863496278,403.5,180.95,572.025,391.075,0,0
393,"Naeem Islam",51,3.34730210442532,2.95521649979227,3.77259708803474,407.5,84.975,648,563.025,0,0.004
394,"SP O'Donnell",64,3.34501862891743,3.01406550430063,3.7029321069162,412,120.9,626,505.1,0,0.001
395,"NFI McCallum",42,3.34393729171232,2.99127893006829,3.72658142050622,406.5,109.925,629.05,519.125,0,0.001
396,"C Munro",61,3.34364031199125,3.04304143891801,3.65222470819229,406,156.975,606.025,449.05,0,0
397,"D Ganga",38,3.34236363456703,2.95937565407316,3.79415903209408,417,78.95,642.05,563.1,0,0.005
398,"CP Rizwan",39,3.34219995199528,2.93637330449406,3.76117807978328,409,89.975,652.075,562.1,0.001,0.002
399,"LJ Tucker",48,3.3402903945615,3.00831909360944,3.68795047843163,413,139.8,622.075,482.275,0,0.004
400,"MP Vaughan",90,3.33964055930205,3.08417592029473,3.61256848793928,412,184.975,583.025,398.05,0,0
401,"DA Gunawardene",76,3.33954160765814,3.05326066951424,3.6502547035156,414,161.95,601,439.05,0,0
402,"Karim Sadiq",30,3.33818746209701,2.89414314698374,3.84939712415087,414,57.975,676.125,618.15,0,0.007
403,"A Johnson",31,3.33752113759388,2.85739963882297,3.85208634825891,405,59.875,692.025,632.15,0,0.008
404,"DW Randall",46,3.33722563674632,2.9963630771508,3.713617684089,413,123,628.025,505.025,0,0.002
405,"MJ Santner",89,3.33630419849392,3.06203045445309,3.62186989419775,409.5,184.85,596.1,411.25,0,0
406,"SA Yadav",35,3.33616384289122,2.94677642323411,3.73478932221991,415.5,105,652.05,547.05,0,0.003
407,"Mosaddek Hossain",35,3.33504738841502,2.94421708184913,3.76731341966586,423,89,652,563,0,0.002
408,"MO Odumbe",59,3.33489472025757,3.04082995164304,3.66749300867438,413.5,150,610,460,0,0
409,"IH Romaine",34,3.33291394196676,2.93270997798231,3.76531657245137,415.5,97,665.075,568.075,0,0.001
410,"AC Waller",47,3.3327437273174,2.96379921672869,3.75809786233383,419,97.975,648.025,550.05,0.002,0.005
411,"RV Uthappa",47,3.33095516373822,2.9746789067935,3.70071458847698,415,132.875,635.05,502.175,0,0.001
412,"AC Parore",160,3.3308929140605,3.15008291083304,3.54523338669113,417,253.95,547,293.05,0,0
413,"JO Holder",112,3.33014251798327,3.03570636722076,3.64134571107853,416,183.9,607.025,423.125,0,0
414,"BM McMillan",52,3.32931825598748,2.95486770043942,3.75173515374808,418.5,98,647.1,549.1,0,0
415,"RR Hendricks",41,3.32413931471,2.98172986045307,3.72022159095285,424.5,120,636.075,516.075,0,0.001
416,"KR Mayers",32,3.32303360941998,2.91487666067665,3.76907007195101,426,93.95,667.05,573.1,0,0.002
417,"G Fowler",39,3.32284651556892,2.87811221507854,3.83651451339618,422,60.925,685.075,624.15,0,0.005
418,"CK Coventry",37,3.32140615236341,2.95001798166345,3.70331017010288,424,122.925,648.025,525.1,0,0.001
419,"JH Davey",30,3.320739437261,2.91032850386666,3.78027324765088,425,84.925,668.05,583.125,0.001,0.005
420,"VS Solanki",53,3.32007046908968,2.96508073680947,3.6946973015804,421,134.975,646,511.025,0,0
421,"Jatinder Singh",90,3.31911777453191,2.96319553325921,3.68944225349301,427.5,137.975,646.025,508.05,0,0.001
422,"KO Otieno",117,3.31742146689739,3.06746786225682,3.59745654957611,429,201.975,591.025,389.05,0,0
423,"TM Odoyo",119,3.31631186029016,3.04813222249369,3.56912651755851,425,228.975,601.05,372.075,0,0
424,"MW Goodwin",70,3.3142514159388,3.04619674927238,3.60324626216935,427,195.975,602,406.025,0,0
425,"B Zuiderent",62,3.31282185493642,2.99080483367173,3.66653392789044,432,153,630,477,0,0.001
426,"Mohsin Khan",104,3.30777172722934,3.01906535537153,3.58690178849758,432,214.95,618.025,403.075,0,0
427,"LRD Mendis",74,3.30625494669908,3.01669949788216,3.60913132180115,439,191.975,613,421.025,0,0
428,"Imran Nazir",89,3.30587612312023,3.0128067125772,3.64460016893981,440,172,617,445,0,0
429,"SR Waters",30,3.30584091306868,2.82544917555464,3.83085684890413,441.5,64.925,704.05,639.125,0,0.007
430,"Rajin Saleh",48,3.30568824712764,2.96685385838995,3.6800718848198,434,146.925,647.025,500.1,0,0
431,"Asad Shafiq",58,3.30244854125826,3.00966319089156,3.61066624723682,433,202.95,627.025,424.075,0,0
432,"L Louwrens",38,3.30086789937927,2.89844543276848,3.70930825977169,442.5,122.975,673.025,550.05,0,0.001
433,"AR Cusack",47,3.30022787398805,2.92546845420969,3.69376943183488,440,140.925,657,516.075,0,0.001
434,"Sandeep Goud",30,3.29730450593162,2.86278075543649,3.75716899315203,449,94.9,683.025,588.125,0,0.001
435,"JN Frylinck",44,3.29664065744957,2.90172934024617,3.6877592112236,440,134.9,669.025,534.125,0,0.001
436,"Asghar Afghan",108,3.29534516119568,3.05585551875378,3.53826065070358,442,246.925,599.025,352.1,0,0
437,"SMH Kirmani",31,3.29397649956178,2.79850483102556,3.8478700622609,443,49.975,706,656.025,0,0.012
438,"N Boje",70,3.29261713812934,3.00544964158421,3.60075958395153,445.5,204.875,626.075,421.2,0,0
439,"JC Adams",106,3.29247088913116,2.9777302564496,3.62991475587408,442,177,643.025,466.025,0,0
440,"AL Phehlukwayo",55,3.28908502828553,2.96410695174783,3.68218180463527,455,149.9,644.025,494.125,0,0.001
441,"TM Moody",67,3.28900312495545,2.97272010967641,3.60384231542483,447,198.875,637.05,438.175,0,0
442,"MS Wade",84,3.28858381337519,3.02035590658471,3.58274791046672,450,216,617.025,401.025,0,0
443,"Muhammad Waseem",87,3.28799509928023,3.00507331913362,3.58989669646162,445.5,205.975,629.025,423.05,0,0
444,"Mehidy Hasan Miraz",85,3.28786117757253,3.00641429386534,3.60607283113496,447,198,620,422,0,0
445,"JDS Neesham",66,3.28741814453634,2.93605771764733,3.65433223882955,442,157,654,497,0,0
446,"BA Young",94,3.28659624533042,3.02362894672485,3.56858807839028,446,224.875,614,389.125,0,0
447,"RL Powell",104,3.28622660222769,3.03906614859299,3.56305884400591,451,233.975,608,374.025,0,0
448,"SG Law",52,3.28454361784146,2.97811399638257,3.62964038621031,449,187,637.05,450.05,0,0
449,"SM Patil",42,3.28410466979532,2.96249742087063,3.62472523792076,451,178.9,645.05,466.15,0,0
450,"Sabbir Rahman",58,3.28341227837297,2.97064376846772,3.62402973274099,452,189.975,640.025,450.05,0,0
451,"H Masakadza",257,3.2830617582866,3.08761139356041,3.47856997231525,450,298.975,586.025,287.05,0,0
452,"SHT Kandamby",36,3.28285388103569,2.86668061744205,3.70315977131946,453,133.9,686.025,552.125,0,0.002
453,"AJ Hollioake",30,3.27956407843455,2.88155450456041,3.7043522483046,456,127.9,678.025,550.125,0,0
454,"K Bhurtel",87,3.27950019095449,2.94562037531401,3.62421038077375,447,187.925,654.025,466.1,0,0
455,"Noor Ali Zadran",67,3.27913117548121,2.97626279778105,3.60992113097246,459.5,196.9,637.05,440.15,0,0
456,"RIC Holder",31,3.27836376737758,2.88845378926019,3.70768929709856,459,124.9,677.05,552.15,0,0
457,"RD Jacobs",117,3.27768687135467,2.97522843108938,3.63603386177627,458,170.95,640,469.05,0,0
458,"DM de Silva",85,3.27650173246475,2.99367190597305,3.55709008411271,451,242.975,630.025,387.05,0,0
459,"V Sibanda",171,3.27380385271838,3.02249347273546,3.54706414519143,460.5,249.825,618.025,368.2,0,0
460,"Wasim Raja",46,3.27363620010684,2.9210446600675,3.63615310979479,455.5,179.925,664.025,484.1,0,0
461,"Rizwan Cheema",40,3.27171007907849,2.89649216847788,3.69909683996943,461.5,133.95,673.025,539.075,0,0.001
462,"WV Raman",34,3.27096877993057,2.83030586249875,3.73154139285587,462,114.875,695.05,580.175,0.001,0.001
463,"CJ Chibhabha",139,3.27036174959094,3.0124241866283,3.516024971649,461,266,619.025,353.025,0,0
464,"GM Ritchie",44,3.268700992295,2.9343958429031,3.62235507815679,466,196.925,658,461.075,0,0
465,"M Prabhakar",118,3.26840074548831,2.99702202236773,3.528079032937,459,250,626.075,376.075,0,0
466,"T Duffin",31,3.2672875981927,2.83502498600195,3.71286259904238,469.5,131.925,703.025,571.1,0,0.002
467,"Simi Singh",30,3.26718479733396,2.82768622305225,3.73689567658389,467,110.925,699.025,588.1,0,0.001
468,"J Charles",75,3.26504274455057,2.97241599463686,3.58742635156504,463,220.95,637.025,416.075,0,0
469,"KJ Hughes",88,3.26375455232515,3.02447618787803,3.52971304971438,465,262.975,617,354.025,0,0
470,"CJA Amini",49,3.26321808501878,2.95603234209319,3.60827428332387,467,192.75,648,455.25,0,0.001
471,"E Chigumbura",197,3.26271193291981,3.05063205496369,3.48643672288021,468,288.975,599.05,310.075,0,0
472,"JR Hopes",61,3.26254880103452,2.92543483218714,3.59937497238229,465.5,201,663.025,462.025,0,0
473,"LE Plunkett",50,3.26171377435703,2.86842162955949,3.68828102908817,468,134,686.025,552.025,0,0.001
474,"MM Ali",119,3.26022912484111,3.03069472578934,3.51783461148041,467,273.925,616.025,342.1,0,0
475,"CB Wishart",90,3.25944256332675,2.99615420711265,3.52110752356987,470.5,258.95,628,369.05,0,0
476,"DJ Bravo",143,3.25617722324637,3.02793226820659,3.516387879735,474.5,273.95,610.025,336.075,0,0
477,"KOA Powell",49,3.25488101404369,2.93264855173965,3.58615751024061,474.5,199.95,655.05,455.1,0,0
478,"R Lamba",40,3.25424620291244,2.89611549675817,3.64968190295962,476,157.75,673,515.25,0,0.001
479,"LV van Beek",32,3.25376688013712,2.84857716093403,3.73530845410972,483.5,121,692.05,571.05,0.001,0.004
480,"RP Burl",45,3.25311225939626,2.92066550629031,3.6309209756563,474,176,658.175,482.175,0,0.002
481,"PJL Dujon",121,3.25276683622904,2.98348681012163,3.52968745988173,476,253.725,631.025,377.3,0,0
482,"Mudassar Nazar",155,3.25224660415114,3.0295729896581,3.47934773126945,474,299.975,617.025,317.05,0,0
483,"Shahid Afridi",398,3.25205771527154,3.07941052796372,3.42140779129344,473,342.975,584.05,241.075,0,0
484,"SM Curran",30,3.25135435604802,2.87664042471512,3.68490609396916,478,149.975,684.025,534.05,0,0.001
485,"PA Patel",38,3.25083408586016,2.877601115483,3.6630960838658,478,153.975,676.025,522.05,0,0
486,"HJH Marshall",62,3.25037560198438,2.9625240699319,3.58114023256761,476.5,221.875,647.025,425.15,0,0
487,"TP Ura",82,3.25006376663494,2.94293419611298,3.56452760000006,477,227.975,657,429.025,0,0
488,"JP Kotze",36,3.24665403930577,2.84635628011189,3.69633058841502,484,129.85,697,567.15,0,0.001
489,"Basil Hameed",45,3.24466273582489,2.92061523528184,3.58908054103788,483,212.925,667,454.075,0,0
490,"D Ramdin",110,3.24149078999187,2.98870652901874,3.51945142889382,482.5,263.975,633,369.025,0,0
491,"CR Woakes",86,3.24142103156563,2.96572031683114,3.54409448208723,479,255.925,646.025,390.1,0,0
492,"CK Kapugedera",85,3.24128519602067,2.95315109535112,3.56650066728498,488,220.95,646.025,425.075,0,0
493,"Aminul Islam",39,3.23827267653949,2.87711207935028,3.64590559407323,487,170.975,684,513.025,0,0.001
494,"AR Patel",49,3.23804491044106,2.87559724085669,3.61302211972808,484.5,191.8,679.025,487.225,0,0
495,"DS Smith",58,3.23800622142042,2.88920784873395,3.59691224508648,479,202.95,676.025,473.075,0,0
496,"DJG Sammy",103,3.23598140860806,2.96689140551108,3.51742504628943,484,263.925,642,378.075,0,0
497,"JR Murray",38,3.23531592670389,2.82569322364066,3.68534869710267,485,142.85,697.05,554.2,0,0
498,"DJ Willey",46,3.23493464458551,2.84658660696861,3.61590305809406,485,182.9,695.05,512.15,0,0
499,"Khaled Mashud",108,3.23351650352586,2.97076626090471,3.50930394093106,488,273.925,640.025,366.1,0,0
500,"Moin Khan",181,3.23242374451477,3.02869088175995,3.44526174964584,489,328.975,614,285.025,0,0
501,"H Patel",35,3.23234480250385,2.77122025567317,3.73718458345392,494,101.95,715.025,613.075,0,0.004
502,"Tanzid Hasan",30,3.23228170481629,2.81947428392267,3.67510453598547,491.5,143.725,695.025,551.3,0,0
503,"S Wettimuny",50,3.23214947710659,2.8804170840045,3.60981495929924,492,189.975,679,489.025,0,0
504,"DJ Richardson",77,3.23179425725372,2.85746021094203,3.68843138827088,487,146.975,689,542.025,0,0.002
505,"MJ Slater",53,3.23040772943704,2.91085254189097,3.59849168541906,493.5,206.9,667.05,460.15,0,0
506,"AJ Bichel",36,3.23008161389248,2.80234038261414,3.7420495588828,496,105.95,707,601.05,0,0.001
507,"IK Pathan",86,3.2283084272663,2.91942572945325,3.56676783033422,493,228.975,663.125,434.15,0,0
508,"Mohammad Wasim",36,3.22812449100553,2.7964629762427,3.66653017994359,501,140.95,711.025,570.075,0,0.003
509,"MJ Prior",71,3.22622116785305,2.93936843537619,3.54342093098028,494,253.9,657.075,403.175,0,0
510,"PL Taylor",47,3.22534265694176,2.79325111939336,3.68504432895947,501,135,710.025,575.025,0,0.001
511,"Sompal Kami",50,3.22461671805248,2.8557277615284,3.62661726779775,496.5,182,685,503,0,0
512,"NM Hauritz",31,3.21961376185302,2.74673908372273,3.7008037069738,501,133.925,723.025,589.1,0,0.001
513,"Mohammad Amir",30,3.21945444669373,2.74800399624178,3.71074379081253,498,122.95,723.025,600.075,0,0.001
514,"K Doriga",46,3.21921747968885,2.84081819745286,3.64095280361792,500.5,176.85,696,519.15,0,0
515,"GB Hogg",61,3.2134012461376,2.84422000060195,3.63445275818836,504,177.95,692.05,514.1,0,0.001
516,"Sir RJ Hadlee",98,3.2108341043635,2.92547206000788,3.48378536001558,501,293.975,660,366.025,0,0
517,"JEC Franklin",79,3.20954889455852,2.85707110504275,3.56649757103613,503,213,685.05,472.05,0,0
518,"Akram Khan",43,3.20878391731579,2.87090171303221,3.57223081766032,508.5,216,683.025,467.025,0,0
519,"N Kapil Dev",197,3.20137126889446,2.93576243554286,3.48263851366231,510,294.975,659,364.025,0,0
520,"S Matsikenyeri",121,3.20110435395923,2.93199586338196,3.55700593974611,519,231.775,655.05,423.275,0,0
521,"MH Cross",126,3.19910483148812,2.95723297351749,3.43957332906668,513,331,649.05,318.05,0,0
522,"RJ Peterson",38,3.19786198329288,2.80811186013495,3.59335908347769,516.5,209.975,706.025,496.05,0,0
523,"Mohammad Ashraful",177,3.19543558421562,2.97626637300379,3.43110446325,515,333.975,640.025,306.05,0,0
524,"RS Kaluwitharana",206,3.19490899739999,2.98846397064552,3.4186908329898,516.5,346,632.025,286.025,0,0
525,"WB Phillips",44,3.19447777641798,2.82521248601581,3.55597946106614,516,238,698,460,0,0
526,"SM Sharif",57,3.19275874906281,2.82116894448351,3.60023433412568,520,204.8,701,496.2,0,0.001
527,"PW Hasaranga",54,3.18877566269136,2.86081347849262,3.52653366049623,520,261,687.025,426.025,0,0
528,"DW Hookes",37,3.18850087717417,2.82532859831424,3.58277535134931,520,211.95,698,486.05,0,0
529,"MA Vermeulen",54,3.18380477585674,2.8681824196945,3.55496540535936,524,234.875,685,450.125,0,0
530,"WD Parnell",42,3.18320975499119,2.7788768699474,3.60719253773572,522,208.775,711.025,502.25,0,0
531,"CA Soper",53,3.18086767323401,2.81613974604379,3.56139318543078,526.5,238.825,700,461.175,0,0
532,"PW Borren",50,3.17920641291455,2.86836624913578,3.53514851465489,527.5,261.75,684.05,422.3,0,0
533,"RT Robinson",33,3.17830977191712,2.79197042663036,3.5815174055675,529.5,205.925,712,506.075,0,0
534,"G Malla",44,3.17703415257809,2.83191357409465,3.53297959998461,528.5,251.925,692.025,440.1,0,0
535,"JN Mohammed",31,3.17604234053458,2.74786757327507,3.58175820974839,525,211.975,722.05,510.075,0,0
536,"CJ Nevin",42,3.17100920292,2.82235214555424,3.56487175569784,534,235.775,699,463.225,0,0
537,"SA Thomson",51,3.17082596036655,2.8618658356351,3.52021656930462,532,270.95,682,411.05,0,0
538,"RR Patel",38,3.16995651445429,2.77016871084884,3.66824763531278,535,164.8,715.025,550.225,0,0.002
539,"GO Jones",45,3.16937204365655,2.82279670903429,3.55605425025325,535,239,701,462,0,0
540,"Qasim Umar",33,3.16918075800485,2.7782272253534,3.58964865076704,537,210.975,716,505.025,0,0
541,"W Madhevere",40,3.1683243581355,2.78712854233853,3.598104276774,535,204.85,716,511.15,0,0
542,"DT Johnston",53,3.16733736656101,2.78534750192593,3.61118176204857,538,181,713.025,532.025,0,0.001
543,"Shoaib Mohammad",78,3.16720477675123,2.77578015716795,3.55983827770623,535,225.95,717.025,491.075,0,0
544,"Rohan Mustafa",85,3.16636332375595,2.90563956867414,3.46831443158684,532.5,304.975,676,371.025,0,0
545,"PA Wallace",43,3.16617770720922,2.81748410569914,3.53593320351064,534,256.95,702.025,445.075,0,0
546,"EJ Chatfield",43,3.16526846650995,2.54122814129997,3.82439452280177,538,65.95,768,702.05,0,0.006
547,"PA Strang",72,3.1638743529468,2.818834057912,3.48927338900268,534.5,280.975,700,419.025,0,0
548,"LJ Wright",41,3.16196655222623,2.80675695118646,3.53088271502005,539.5,260.975,707,446.025,0,0
549,"MRJ Watt",55,3.15905374615197,2.8004172405433,3.50838105353657,534,279.975,705,425.025,0,0
550,"AC Botha",39,3.15779562680426,2.76830417291579,3.59440091015363,544,209.975,720,510.025,0,0
551,"RW Chakabva",65,3.15691748075995,2.86309541620902,3.47177358795697,541,311.975,688,376.025,0,0
552,"Alok Kapali",66,3.15659623947674,2.85317227702243,3.50138632593087,541.5,275.975,686,410.025,0,0
553,"MA Ouma",99,3.15607233890492,2.88414678651882,3.45329416171632,538.5,322.975,678,355.025,0,0
554,"CD Wallace",30,3.15426115883913,2.7646904719878,3.56418414288279,536.5,228.975,720.025,491.05,0,0.001
555,"JF Mooney",55,3.15379372588008,2.78214411258954,3.53633161600759,541,257.925,712.05,454.125,0,0
556,"LK Germon",31,3.15317712754063,2.75442636620498,3.5899039801788,544.5,200,720.025,520.025,0,0.002
557,"HS Modi",56,3.15311755394966,2.84290363491581,3.47514307077177,540.5,301,692.025,391.025,0,0
558,"IT Botham",116,3.15195822164503,2.88372307944257,3.414371294235,542.5,346.875,676.025,329.15,0,0
559,"AJ Hall",60,3.14998784434315,2.81520019379698,3.51377841250352,544,266,699.05,433.05,0,0
560,"RS Kalpage",68,3.14812600610144,2.80260163326998,3.49012944311348,547,286.925,703,416.075,0,0
561,"UC Hathurusingha",44,3.14799428961959,2.74072875492925,3.53903377450357,544.5,244.975,723.025,478.05,0,0.001
562,"JDP Oram",116,3.14499366943221,2.83694700590381,3.47264360186865,545,305.95,699.05,393.1,0,0
563,"MD Shanaka",63,3.14394533811872,2.84152242532965,3.47161958750334,551,305.975,692,386.025,0,0
564,"GH Dockrell",92,3.14308637136524,2.86519267978548,3.44926595985731,550.5,323.975,687,363.025,0,0
565,"HDPK Dharmasena",87,3.14175017000559,2.83822957724694,3.45123563964065,553,325.8,691,365.2,0,0
566,"JA Morkel",43,3.14075958317652,2.77217474386441,3.55313618318367,553,229.95,715.05,485.1,0,0
567,"ZE Green",53,3.13989898239985,2.77347038598365,3.52508697005135,551,257.925,716,458.075,0,0
568,"Javed Ahmadi",60,3.13927575061256,2.77318036289937,3.52603071882974,554,253.925,716,462.075,0,0
569,"R Powell",48,3.13664508103284,2.83212074891499,3.46630287173733,557.5,301.925,695,393.075,0,0
570,"GC Wilson",105,3.13232822152501,2.89827378115251,3.35592756662442,556,398.975,670.075,271.1,0,0
571,"DS Airee",59,3.13091105404001,2.79282906768514,3.51341042334654,561.5,271.925,705,433.075,0,0
572,"RW Marsh",77,3.12875964951269,2.8107923763128,3.46650153250985,559.5,318.975,703,384.025,0,0
573,"Mansoor Akhtar",41,3.1279467636533,2.73630316994897,3.53093450332728,553,254.9,721,466.1,0,0
574,"KM Dabengwa",34,3.12736625541521,2.73743528973395,3.54136359706757,557.5,246.9,729.025,482.125,0,0
575,"S Madan Lal",35,3.12647092454152,2.64550609816372,3.65396596910356,561.5,157.825,750.025,592.2,0,0.001
576,"TT Bresnan",63,3.12586310028203,2.78495052022779,3.4779882792138,562.5,295.9,711.025,415.125,0,0
577,"DLS van Bunge",33,3.12458744786428,2.74867821823489,3.54946715124172,560.5,250.975,720,469.025,0,0
578,"J Mubarak",38,3.11942275463291,2.76345089447836,3.51864921254512,565,262.975,719,456.025,0,0
579,"GP Howarth",70,3.11929542912154,2.83619932433261,3.43178920540971,565,337.975,696,358.025,0,0
580,"Rashid Khan",104,3.11921865331464,2.78772540750039,3.47965611888909,563.5,298.95,708.025,409.075,0,0
581,"L Siaka",54,3.11860501544792,2.79659673402708,3.47529705073895,563.5,305.925,711,405.075,0,0
582,"RT Latham",48,3.11771566696869,2.71752277159231,3.53048577987231,564,253.975,730,476.025,0,0.001
583,"GJ Whittall",145,3.11421064794606,2.89055822018371,3.32429459315074,566,418.95,672,253.05,0,0
584,"DD Ebrahim",85,3.10956901742611,2.78249219832468,3.4617165890384,577,307.925,712.025,404.1,0,0
585,"PL Symcox",53,3.10907547578324,2.73475191339453,3.55817477375749,570.5,243.875,729.025,485.15,0,0.001
586,"BMAJ Mendis",44,3.10730769226004,2.73132355493901,3.4849230236618,568.5,292.825,728,435.175,0,0
587,"PK Amre",30,3.10638578047585,2.68427663650887,3.5761318554994,574.5,214.875,739,524.125,0,0
588,"AR Nurse",38,3.10193751712415,2.70427551764588,3.54675813970163,576,256.575,732,475.425,0,0
589,"CS Baugh",34,3.10012698100324,2.67247701345573,3.55594151298174,582,234.9,739.025,504.125,0,0
590,"MF Maharoof",73,3.09944451149401,2.79480188128132,3.43724733473124,576,336.95,709.05,372.1,0,0
591,"B Lee",105,3.09866909269307,2.8167640103296,3.43957985724772,575,335,702.025,367.025,0,0
592,"MC Snedden",52,3.09644426302471,2.6894118042245,3.50881050818005,578,267,738.025,471.025,0,0
593,"Rashid Latif",115,3.09412640239999,2.76091726759061,3.41135258471027,578,353.975,714.025,360.05,0,0
594,"R McLaren",41,3.09053879170339,2.6959818066857,3.52613415188784,582.5,264.775,735,470.225,0,0
595,"Dawlat Zadran",53,3.08513220121778,2.69544758784925,3.51361980294393,584,274.875,739.025,464.15,0,0
596,"PJ Moor",45,3.08470272982746,2.73665140773709,3.44948096024399,589,314.95,725,410.05,0,0
597,"GJ Rennie",38,3.08244000463251,2.68324721460093,3.50705327195867,589,282.925,736,453.075,0,0
598,"Junaid Siddique",101,3.08194315153158,2.73102667290436,3.42617886405878,580.5,352.8,724.05,371.25,0,0
599,"XM Marshall",48,3.08159908891153,2.70216930741994,3.50472809931892,586,282,736.025,454.025,0,0
600,"Habibul Bashar",104,3.08142891663121,2.83891753461291,3.33248325855715,587,422,690,268,0,0
601,"Iftikhar Anjum",32,3.08108662307862,2.59104965386334,3.61430860413874,582,189.975,760.05,570.075,0,0.001
602,"M Theekshana",31,3.07936157222817,2.63049910505911,3.57758891885066,591,214.8,753,538.2,0,0
603,"NL McCullum",62,3.07752099362718,2.77069708740331,3.39471911152254,586,368.675,720,351.325,0,0
604,"S Bau",57,3.07582591812289,2.76573884643641,3.40282601367007,589.5,358.775,714,355.225,0,0
605,"Javed Omar",79,3.07429525346863,2.732967686107,3.454484733605,590,313.95,726,412.05,0,0
606,"AM Blignaut",41,3.07322429199314,2.69280162362294,3.48826815001941,594.5,281.925,739,457.075,0,0
607,"NP Kenjige",41,3.07005407827561,2.66316353407063,3.4892311360141,596,290.95,746,455.05,0,0
608,"Azhar Mahmood",108,3.06622309796841,2.82969714510332,3.33824973227648,593,409.9,698.025,288.125,0,0
609,"NR Mongia",99,3.06341600156335,2.76464354252116,3.34136804814232,594,400.975,717.025,316.05,0,0
610,"Mohammad Nawaz",30,3.06300989295303,2.64777953668911,3.49711804705467,597,285.95,749.025,463.075,0,0
611,"SF Mire",57,3.0613098470215,2.7538784361972,3.39387252889918,598.5,371.95,719,347.05,0,0
612,"JK Kamande",71,3.05878416034684,2.74088336643453,3.39478773418513,596.5,370.9,726.025,355.125,0,0
613,"SE Bond",39,3.0586556025623,2.58001247977271,3.57598688675085,595.5,222.95,761,538.05,0,0.001
614,"TJ Friend",38,3.05661694990966,2.65917868446216,3.49547239344335,602.5,283.8,745.025,461.225,0,0
615,"IA Healy",118,3.05518546814666,2.82062651256477,3.34336351885267,602,405,705.025,300.025,0,0
616,"BL Cairns",65,3.05031375362474,2.72353659312155,3.40030080275545,606,355,730,375,0,0
617,"AF Giles",32,3.05029251961946,2.64420671195459,3.48545858873766,602,288.95,748.025,459.075,0,0
618,"MR Adair",39,3.04831263582376,2.63922224351968,3.49112963463842,606,285.9,751.025,465.125,0,0
619,"RJ Ratnayake",54,3.04796851246929,2.70773274075189,3.44819428229485,610.5,320,735.025,415.025,0,0
620,"DSBP Kuruppu",75,3.04689345728906,2.74032767567638,3.37495353820423,605,380,722,342,0,0
621,"MJ Horne",53,3.04426016717154,2.7469385791197,3.35027472157239,609,404.975,722,317.025,0,0
622,"TE Blain",38,3.03945731243458,2.60698329651008,3.48337073551778,608.5,291.95,760.025,468.075,0,0
623,"P Utseya",130,3.03908078122005,2.74480109762452,3.3919338216983,611,363.95,723,359.05,0,0
624,"JG Bracewell",44,3.03886232833785,2.6413049621935,3.44359583881627,610.5,337.925,747.05,409.125,0,0
625,"AH Omarshah",30,3.03249594325538,2.64102503091356,3.50720537127705,613.5,271.95,748,476.05,0,0
626,"NK Patel",35,3.02895454618797,2.65708534780318,3.46084450230754,616.5,308.95,744.05,435.1,0,0.001
627,"NLTC Perera",133,3.0288763869533,2.82064377784619,3.27279781557086,617,462,701,239,0,0
628,"GS Blewett",32,3.02846601576415,2.64273737463841,3.44998502537199,613,322.875,749.025,426.15,0,0
629,"DO Obuya",101,3.02787637915633,2.74148678121205,3.34553707146937,618,408.75,722,313.25,0,0
630,"AR McBrine",68,3.02616030505855,2.71754801643122,3.32115260917721,614,417.85,731,313.15,0,0
631,"AR Adams",33,3.02358324884171,2.61685610207739,3.44587890872914,616.5,320.875,756,435.125,0,0
632,"DL Vettori",183,3.02352940233792,2.77685895529686,3.30529281745874,618,437.975,714,276.025,0,0
633,"R Mutumbami",40,3.02333848016427,2.61542167279363,3.45273522325715,619,329.95,755.1,425.15,0,0
634,"MA Ealham",45,3.01656907579852,2.66768186152712,3.39675705080816,620,363.85,742,378.15,0,0
635,"KAJ Roach",53,3.01342023837632,2.53754535376489,3.49570896485944,623,278.9,767.025,488.125,0,0
636,"Saleem Yousuf",63,3.01320942351004,2.70006390784284,3.35441815535896,624,391.925,735.05,343.125,0,0
637,"Gulbadin Naib",80,3.01060321442432,2.7229351658637,3.29917935697157,624,443.9,728,284.1,0,0
638,"AU Rashid",83,3.00854231640527,2.66716978999506,3.36214375885704,626.5,394.925,744,349.075,0,0
639,"K Rabada",44,3.00520755027485,2.57396254443398,3.43910778089422,625,326.95,764.025,437.075,0,0
640,"AS Joseph",46,3.00303935806429,2.58585972137524,3.43545484177124,631,320.925,759.025,438.1,0,0
641,"AR White",46,3.00192982735908,2.68830929139277,3.31439880225854,628,434,739.025,305.025,0,0
642,"UDU Chandana",110,3.00005619435401,2.7465041636105,3.27966605688001,630,454.975,723.025,268.05,0,0
643,"S Lee",35,2.99942162986385,2.61728292270203,3.45441983281589,632.5,316.75,753.025,436.275,0,0
644,"C White",40,2.99667718420472,2.6155793636307,3.39220397101147,628,361.975,753.05,391.075,0,0
645,"DA Marillier",44,2.99539979083202,2.63424031168226,3.41020094839327,634,354.675,751.025,396.35,0,0
646,"MN Waller",72,2.99510762040119,2.69847221406239,3.31265702826748,634,428.975,734,305.025,0,0
647,"DR Smith",94,2.99472116848083,2.71197451753633,3.29851485962683,633,443.975,732.025,288.05,0,0
648,"RC Russell",31,2.99395988785092,2.53004891745335,3.44620042754279,632.5,339.775,771.025,431.25,0,0
649,"J Botha",50,2.99350903760159,2.63000758381061,3.36993047253072,632,377.95,750,372.05,0,0
650,"CM Spearman",64,2.99020821806204,2.60355444210076,3.36206307943717,630.5,391.95,760.05,368.1,0,0
651,"KD Mills",97,2.9892998763787,2.69291910944194,3.32322601602095,634,421.925,736,314.075,0,0
652,"RS Madugalle",56,2.98435511802265,2.67674273960701,3.31072581180738,635,431.95,739,307.05,0,0
653,"CC Lewis",41,2.98353053646394,2.55558179599857,3.43823872405461,641,335.7,768,432.3,0,0
654,"TN de Grooth",38,2.98140251829569,2.60072780328667,3.37323149297321,637,372.975,756.025,383.05,0,0
655,"Abdul Qadir",67,2.97283266785049,2.62377968534601,3.33776250402427,643,413.95,751.025,337.075,0,0
656,"RM Haq",45,2.96686049074953,2.59669965568982,3.33018190874707,639.5,412.975,759,346.025,0,0
657,"Karan KC",45,2.96659912779081,2.61024083401218,3.33691977272317,642,413.975,757.025,343.05,0,0
658,"Tushar Imran",40,2.96179479342155,2.56803739650278,3.40549150101473,651,356.95,762.025,405.075,0,0.001
659,"CN Evans",48,2.96128654718054,2.54576986949078,3.36041609205796,643,385.975,768,382.025,0,0
660,"Wasim Akram",273,2.95899828879105,2.75325521322348,3.17257066969225,649.5,526,721.025,195.025,0,0
661,"CO Browne",34,2.95748524931756,2.50790511204924,3.42003728793507,646,340,775,435,0,0
662,"AR Caddick",38,2.95683988720918,2.50646829519533,3.49851787846556,651.5,297.925,775,477.075,0,0
663,"SB Joshi",45,2.95168044641103,2.61462347658487,3.32253293658185,652.5,424.95,756,331.05,0,0
664,"PAJ DeFreitas",66,2.95070480579274,2.58931714635417,3.31359937136514,651,437.85,755.025,317.175,0,0
665,"Mudassar Bukhari",36,2.94978192553176,2.57597103219868,3.36841388549362,657,385.975,762.075,376.1,0,0
666,"Shaheen Shah Afridi",36,2.94495366710991,2.4325809231073,3.50379324913298,655,267.85,784.025,516.175,0,0.001
667,"Mashrafe Mortaza",157,2.94394799539213,2.6584680298043,3.24555501463054,654.5,473.975,741.05,267.075,0,0
668,"S Lamichhane",42,2.93974055841291,2.51865451928248,3.34908573651523,655,401.975,773,371.025,0,0
669,"R Ashwin",61,2.93580175771046,2.57840761743431,3.30770718062561,659,432.95,759.025,326.075,0,0
670,"IR Bishop",43,2.92562321788045,2.51955686328899,3.37812639290327,665,379.925,774,394.075,0,0
671,"Mohammad Naveed",34,2.92550033223761,2.48368649767805,3.40675984346782,662,358.925,779,420.075,0,0
672,"SMSM Senanayake",33,2.9248392845256,2.44079207794434,3.47103724279225,665,314.825,786,471.175,0,0
673,"KMDN Kulasekara",119,2.92014939569473,2.6431360219447,3.19531019391953,663,510.975,750,239.025,0,0
674,"JN Gillespie",38,2.91986776842482,2.41662335549534,3.43387391746883,666,333,786.025,453.025,0,0.001
675,"RMH Binny",49,2.91923885496401,2.56467316212992,3.28898794737206,664,441.975,765,323.025,0,0
676,"IJ Harvey",50,2.91659961535313,2.57337789629669,3.2524850165883,668.5,469.975,761,291.025,0,0
677,"ALF de Mel",41,2.91619394707559,2.55579877667254,3.3065930677677,663,431.975,767,335.025,0,0
678,"RA Harper",71,2.91530879274895,2.62078687481062,3.21713999266266,665.5,498.975,754.025,255.05,0,0
679,"MG Johnson",90,2.90959209812287,2.61183005670915,3.21126285274213,669,498.975,756.025,257.05,0,0
680,"Naved-ul-Hasan",49,2.90719423304667,2.52716533372171,3.31019512202749,671,440.95,772,331.05,0,0
681,"BM Scholtz",41,2.90352878140863,2.44966656763943,3.36179573754563,676,398.975,783,384.025,0,0
682,"PJ Cummins",58,2.89989899001018,2.53730283679459,3.28943579427595,672,446.95,772.025,325.075,0,0
683,"Tapash Baisya",41,2.89670755947494,2.43639380642959,3.44625111248701,681,313.925,783.025,469.1,0,0
684,"GRJ Matthews",49,2.89199133644593,2.52349289194304,3.28896354276781,675,453.875,774,320.125,0,0
685,"N Vanua",53,2.8809103958727,2.51214543151956,3.25600331821486,682,463,773.025,310.025,0,0
686,"Sohail Tanvir",38,2.88050614786388,2.50121400117989,3.28658636013702,685.5,445.975,775.025,329.05,0,0
687,"AJ Hosein",30,2.87967201918731,2.44283293420986,3.35539668963007,679,390.925,784,393.075,0,0
688,"JR Ratnayeke",73,2.87772500150221,2.56576093789537,3.2153959860866,683,497.975,764.05,266.075,0,0
689,"Mirwais Ashraf",36,2.87599028147129,2.47010315954182,3.32155140929813,683,423.975,781,357.025,0,0
690,"A Dananjaya",30,2.87553328935515,2.42770967103751,3.32022864930433,682,421,785,364,0,0
691,"DNT Zoysa",43,2.87416845775277,2.4668487902784,3.32948870154321,680.5,417.875,782,364.125,0,0
692,"IDS Smith",77,2.87395591096784,2.5865780992543,3.17750506004942,685.5,529.975,759,229.025,0,0
693,"ADS Fletcher",31,2.87146443306215,2.48800796567456,3.34040529482032,683,417.875,777.025,359.15,0,0
694,"R Trumpelmann",40,2.8712646142301,2.49416510137841,3.27293368575431,685,449,777,328,0,0
695,"RC Irani",30,2.86859175927279,2.4214009561766,3.3830829703102,689,375,788,413,0,0
696,"RDB Croft",36,2.86269313217229,2.42542756807236,3.30848035597082,686.5,437.8,788,350.2,0,0
697,"Wahab Riaz",66,2.85823928002899,2.51965387883332,3.21275234910272,689,507.975,773.025,265.05,0,0
698,"B Kumar",52,2.85584172233593,2.51699501039686,3.1978835626727,688,515.925,775,259.075,0,0
699,"LM Jongwe",36,2.85539842661154,2.46109982361077,3.29672656030616,690.5,440.975,782.025,341.05,0,0
700,"MD Marshall",82,2.85478712072849,2.56532653449561,3.15393502635619,689,535,765,230,0,0
701,"AG Cremer",68,2.8539639918158,2.52908721834618,3.19504515020012,690,515.975,774,258.025,0,0
702,"P Kumar",33,2.8496315923673,2.39252966944247,3.33903161922978,694,401.75,790.025,388.275,0,0
703,"CR Brathwaite",37,2.84916189052087,2.44001966657827,3.24395391636452,690,477.825,783,305.175,0,0
704,"Aaqib Javed",49,2.84108590990636,2.38275091086588,3.3646606710525,698,391.875,790.025,398.15,0,0
705,"DP Viljoen",41,2.83799000911926,2.4784820680873,3.22035863680826,699,493,781,288,0,0
706,"NW Bracken",34,2.83667661894368,2.29916942862373,3.41861608839489,699,348.95,800,451.05,0,0
707,"R Ngarava",34,2.83291682374632,2.35979797735096,3.36052872774178,700,394.95,794.025,399.075,0,0
708,"Khaled Mahmud",72,2.82910040350196,2.50882602354505,3.14618851755842,696,541.95,773,231.05,0,0
709,"Al Sahariar",39,2.82388727275781,2.41422959269621,3.27310696592694,701,457.975,786.025,328.05,0,0
710,"AC Cummins",47,2.82067667619087,2.44263776421466,3.22760547535793,702,493.85,783,289.15,0,0
711,"EA Brandes",40,2.81731539156629,2.4536434103296,3.23268345915742,706.5,491.975,782,290.025,0,0
712,"AB Agarkar",113,2.81553679465208,2.55499765069403,3.0908586985024,702,576.95,767.025,190.075,0,0
713,"Saqlain Mushtaq",94,2.81545733843599,2.48992021898945,3.23044992432826,705,492,779.025,287.025,0,0
714,"Abdur Razzak",95,2.81506437544647,2.5252948747086,3.14062643228176,704,548,773.025,225.025,0,0
715,"GR Larsen",69,2.81350167437953,2.47179654534114,3.23729857453215,708,491.95,779,287.05,0,0
716,"DJ Nash",53,2.80537844799282,2.46900457751617,3.17915029211325,708,521.975,779,257.025,0,0
717,"H Hiri",36,2.8017694970039,2.4119753035177,3.2244540121249,707,493,788,295,0,0
718,"PM Seelaar",37,2.79993854771965,2.38324285847616,3.27647190657111,709,458.725,793,334.275,0,0
719,"KS More",65,2.79026954805973,2.45880157626568,3.1351415719503,711,552,781,229,0,0
720,"Hasan Ali",39,2.78875388379904,2.3789795056437,3.24992291719233,714,474,793,319,0,0
721,"TG Southee",95,2.77831739972858,2.49611049025557,3.09218001013103,717,578,777,199,0,0
722,"Mujeeb Ur Rahman",37,2.77241628501599,2.28580895664155,3.27607788109178,719,448.95,801,352.05,0,0
723,"PR Reiffel",57,2.77217544259236,2.4132356680938,3.15473669731801,715,534,789,255,0,0
724,"WPUJC Vaas",218,2.77114426621546,2.5303235743772,3.01159408135166,716,621.975,772,150.025,0,0
725,"NAM McLean",34,2.77042146764225,2.32252365498324,3.26021051496893,718,466.95,799,332.05,0,0
726,"CPH Ramanayake",34,2.76546607202638,2.2833878578304,3.27100354169608,717,449.975,802,352.025,0,0
727,"PVD Chameera",36,2.76429516750274,2.36435908159072,3.22988958983776,724,484.95,795,310.05,0,0
728,"Mohammad Sami",43,2.76407894413338,2.31163560206171,3.21198209874809,717,502.975,798,295.025,0,0
729,"JE Emburey",45,2.76232110595112,2.33897747662858,3.22318738659714,720,490.925,797.025,306.1,0,0
730,"MA Starc",70,2.75084849190983,2.44451639366826,3.10256386672392,724,574.925,786,211.075,0,0
731,"SCJ Broad",66,2.75027710177499,2.38824141140049,3.10169345642826,721,569.975,790,220.025,0,0
732,"SK Warne",106,2.74901594213905,2.47275625811793,3.01871038950303,723,620,778,158,0,0
733,"IDR Bradshaw",34,2.74349710045374,2.29018110509023,3.21095977250953,724,495.95,798.025,302.075,0,0
734,"WB Rankin",31,2.74078169068254,2.16074314088697,3.35820475382713,725.5,394,809,415,0,0
735,"Mohammad Rafique",108,2.7400975947486,2.47502535538651,3.03669901784205,725,609.975,781,171.025,0,0
736,"SN Netravalkar",33,2.72616602459917,2.21311669918247,3.28531965808832,730.5,446.95,806,359.05,0,0
737,"R Rampaul",36,2.72310178481217,2.32694296083687,3.13046024010528,728,557.775,798.025,240.25,0,0
738,"Z Khan",95,2.72037418897875,2.42013796818912,3.04530027894146,732,604.975,787.025,182.05,0,0
739,"ML Nkala",35,2.72021434485557,2.26925563585703,3.20273163952564,732,514.975,802,287.025,0,0
740,"AO Suji",46,2.72008037676376,2.40528647502391,3.08814422922705,730.5,585.975,790,204.025,0,0
741,"S Prasanna",36,2.71612089790157,2.32512847758502,3.13928907411269,733,550.85,797,246.15,0,0
742,"HA Varaiya",37,2.71424964939943,2.26173625508818,3.2062896918074,734,507.9,803,295.1,0,0
743,"D Gough",84,2.71008376560305,2.3695755172516,3.07713382911828,734,591,793,202,0,0
744,"M Ntini",42,2.70381008340637,2.19580196322711,3.22800385134277,735,497.8,806.025,308.225,0,0
745,"CEL Ambrose",94,2.70368616972938,2.35842158388958,3.07129249358267,736,588.975,794,205.025,0,0
746,"GP Swann",48,2.6943914026413,2.33159016684781,3.08294568748296,738,590.975,796.025,205.05,0,0
747,"RAS Lakmal",46,2.69145006109419,2.255233536912,3.18011038233504,738,524.975,803,278.025,0,0
748,"Imran Tahir",32,2.6913376972585,2.1027498776004,3.34474596325019,742,397.95,811.025,413.075,0,0
749,"Harbhajan Singh",125,2.68660440000673,2.42627434264316,2.95959444167765,739.5,644.975,786.025,141.05,0,0
750,"A Kumble",133,2.67530971718423,2.36170782136968,2.98224421870773,743,629,792.025,163.025,0,0
751,"Ahmed Raza",41,2.67261673123596,2.29238786781087,3.07095227014498,740,587.95,801,213.05,0,0
752,"RM Hogg",34,2.66480462910877,2.13342204505535,3.17597072942213,746,514.975,810,295.025,0,0
753,"Kuldeep Yadav",38,2.66274494550264,2.19314187691459,3.18743967196125,746,522.975,806.025,283.05,0,0
754,"SP Narine",42,2.65882233853244,2.25648384246742,3.10897689929761,745,573,804,231,0,0
755,"TJ Murtagh",36,2.65822300507323,2.16403911711788,3.23849024895986,749,479.975,808,328.025,0,0
756,"Sarfraz Nawaz",30,2.65303709704829,2.20255699273278,3.17847666269097,750,520.925,808,287.075,0,0
757,"T Mupariwa",32,2.64876720749465,2.14810696879932,3.16131106061558,749,532,810,278,0,0
758,"KM Jarvis",32,2.64696077118649,2.18249157529153,3.16942987953324,751,536,808,272,0,0
759,"DN Patel",63,2.63888459823806,2.28668297188087,3.00746108937179,751,627.95,801,173.05,0,0
760,"Mushtaq Ahmed",73,2.63135442784624,2.24646220429983,3.04050619313927,753,609.95,804,194.05,0,0
761,"DK Morrison",40,2.62718619916416,2.15480618242193,3.12633271156929,756,557.95,809,251.05,0,0
762,"A Dutt",38,2.62588167828686,2.14531030570469,3.20926591258467,756,501.875,810,308.125,0,0
763,"CRD Fernando",54,2.62195094354541,2.19816365292489,3.07938401719368,756,586.85,808,221.15,0,0
764,"NN Odhiambo",50,2.621676733489,2.2478553673308,2.98580821925258,753,636.925,803.025,166.1,0,0
765,"MJ Henry",37,2.61776273530747,2.18988639770649,3.06870317767929,755,592.975,808.025,215.05,0,0
766,"GB Brent",52,2.61301718664152,2.22366065425825,3.03389572622668,757,609.975,806.025,196.05,0,0
767,"C Pringle",39,2.60258040237275,2.09727424399753,3.10908516351601,759,566.8,812,245.2,0,0
768,"BAW Mendis",40,2.60159707102038,2.12307954964519,3.14660098584432,759,550,810,260,0,0
769,"AME Roberts",32,2.60158502079597,2.17027350406273,3.0862045988952,758,584.9,809,224.1,0,0
770,"M Morkel",42,2.59387768965763,2.14777313342439,3.0836254703765,763,588.925,809,220.075,0,0
771,"TA Boult",50,2.59276587869104,2.13245974995445,3.05946912251202,761,595,810,215,0,0
772,"BJ McCarthy",30,2.5729113345438,2.13061339304146,3.07884798764573,763,584.85,811,226.15,0,0
773,"MA Holding",40,2.57234448336685,2.12520675745622,3.03487140043168,764.5,621.8,811,189.2,0,0
774,"GF Lawson",51,2.56642686241459,2.1703280270061,2.99480784812686,765,628.975,809,180.025,0,0
775,"Mustafizur Rahman",52,2.56602702947677,2.0842782028657,3.10860513381072,765,564.975,812.025,247.05,0,0
776,"MA Suji",49,2.55367351894212,2.12347159303622,3.05315328324916,768,610.725,811,200.275,0,0
777,"RW Price",58,2.54774790875868,2.16125096350823,2.95144662190281,768,648,809,161,0,0
778,"Waqar Younis",137,2.54479268621595,2.27473355208786,2.82173113029853,768,703,801.025,98.025,0,0
779,"DR Tuffey",46,2.53035742535727,2.08238228980617,2.98620485853451,770.5,638.825,812.025,173.2,0,0
780,"Umar Gul",63,2.52818893261333,2.2117448651598,2.88379153167781,771,681.975,807,125.025,0,0
781,"J Garner",39,2.52095905513156,2.10115557922684,2.99341717820306,773,636,812,176,0,0
782,"PS de Villiers",30,2.51686091645125,2.02150001791171,3.04108499785874,774,601.95,814.025,212.075,0,0
783,"LH Ferguson",30,2.5153018992456,2.02592226905763,3.03199584050392,774,610.95,814,203.05,0,0
784,"A Zampa",57,2.50838507878255,2.14124320493506,2.88144590880659,775,676.975,810,133.025,0,0
785,"Mohammad Irfan",30,2.50342347067599,1.82520659530284,3.2608791407056,778,466.85,816,349.15,0,0
786,"DK Lillee",33,2.4955417202864,2.0661862137466,2.99959916069994,778.5,628.95,813,184.05,0,0
787,"JM Anderson",69,2.4787528871487,2.06889431473896,2.93021991309035,780,661.975,813,151.025,0,0
788,"CD Collymore",33,2.47860848294509,1.9554167622335,3.12766852013328,779,558,815,257,0,0
789,"J Srinath",117,2.47002290539338,2.18491119880186,2.75672926446425,781,719.975,807,87.025,0,0
790,"Saeed Ajmal",67,2.46518216954403,2.02128087723841,3.08040250693775,784,587.925,814.025,226.1,0,0
791,"Shoaib Akhtar",77,2.45961423792874,2.10357235987523,2.84347580190486,783,689.975,812.025,122.05,0,0
792,"AR Whittall",35,2.45535165455978,1.98283571842185,2.93435687302542,783.5,655.95,815,159.05,0,0
793,"Mohammed Shami",49,2.44781929765447,2.00190236693422,2.87317252162347,782,680.95,814,133.05,0,0
794,"PJ Ongondo",61,2.43118717370635,2.07571768446825,2.79360681266307,786,709,813,104,0,0
795,"JR Thomson",30,2.42939640534962,1.91940063696285,2.97801561099881,788,636,816,180,0,0
796,"DW Steyn",51,2.42928427705135,2.04673474700634,2.81297320672393,785,699.975,814,114.025,0,0
797,"Zahoor Khan",39,2.42741784425082,1.94445422264751,2.94662043050813,788,653.95,815,161.05,0,0
798,"GF Labrooy",35,2.42277717102489,2.0186474599942,2.88960957886875,787,674,814,140,0,0
799,"GP Wickramasinghe",63,2.41555437829167,2.05347389067984,2.81709433402324,789,699.925,813,113.075,0,0
800,"Shafiul Islam",34,2.41171694917812,1.89060385418673,2.97541932115631,790,640.975,816,175.025,0,0
801,"M Dillon",48,2.40324063035669,1.96035679186956,2.86828985253587,790,686,815,129,0,0
802,"BKV Prasad",56,2.39146913443114,1.97812603739287,2.84170976109351,791,684.975,815,130.025,0,0
803,"A Nehra",44,2.39089422030729,1.91838599330367,2.93167268900554,791,659.975,816,156.025,0,0
804,"CA Walsh",77,2.37579676213128,2.04404815061994,2.72830171936519,793,728.975,813.025,84.0500000000001,0,0
805,"Taskin Ahmed",45,2.35948257943885,1.96598981554871,2.79433264325876,795,707.925,815,107.075,0,0
806,"TL Chatara",56,2.30720735840107,1.89512127833127,2.73800949171922,800,724.975,816,91.025,0,0
807,"T Panyangara",47,2.29918234613519,1.91531497069405,2.70025514541153,800,734.975,816,81.025,0,0
808,"WKM Benjamin",50,2.28046677690072,1.90967070400372,2.68108615184276,801.5,736.975,816,79.025,0,0
809,"CJ McDermott",75,2.26322377241148,1.90798507537926,2.62080676075229,803,752,816,64,0,0
810,"AA Donald",38,2.26255546196568,1.73956951992146,2.8372690466508,803,699,817,118,0,0
811,"SL Malinga",113,2.2620127628624,1.97452966077951,2.55475156678687,803,763,815,52,0,0
812,"JE Taylor",42,2.25959304011656,1.78604058024731,2.7944940998482,803,712.8,817,104.2,0,0
813,"M Muralidaran",150,2.24195042332223,1.96660569218285,2.53573725422689,805,771.975,815,43.025,0,0
814,"B Muzarabani",39,2.2070017458827,1.71891016161954,2.7681200513695,807,713.95,817,103.05,0,0
815,"Rubel Hossain",47,2.12430410679571,1.68999068504133,2.61056579291223,811,755,817,62,0,0
816,"CB Mpofu",38,2.044699709963,1.4807853984866,2.60293727906395,814,755,817,62,0,0
817,"GD McGrath",58,1.95305982554625,1.49742608560666,2.44605244063069,815,785,817,32,0,0
